Full Name,Nationality,NRIC,Passport No. ,New Student Matric/ID No. , Level of study,State,Location,Internet Coverage Rate,Telco, Income ,Access,,,,,,,,,,,,,,
,Malaysian,,,4577,PhD,Perak,Outskirts,Strong (80% -90%),Celcom,T20,Yes,,,,,,,,,,,,,,
,Malaysian,,,4578,Undergraduate,Selangor,Small town,Strong (80% -90%),Maxis,B40,Yes,,,,,,,,,,,,,,
,Non Malaysian,,,4579,Undergraduate,Wilayah Persekutuan,City centre,Moderate (60% - 79%),YTL Broadband,B40,Yes,,,,,,,,,,,,,,
,Non Malaysian,,,4580,Undergraduate,Wilayah Persekutuan,City centre,Moderate (60% - 79%),UMobile,T20,Yes,,,,,,,,,,,,,,
,Non Malaysian,,,4581,Master,Wilayah Persekutuan,City centre,Moderate (60% - 79%),UMobile,B40,Yes,,,,,,,,,,,,,,
,Non Malaysian,,,4582,Master,Selangor,City centre,Moderate (60% - 79%),Maxis,B40,Yes,,,,,,,,,,,,,,
,Non Malaysian,,,4583,PhD,Wilayah Persekutuan,City centre,Strong (80% -90%),UM Wi-Fi,B40,Yes,,,,,,,,,,,,,,
,Non Malaysian,,,4584,Master,Selangor,City centre,Poor (40%-59%),UMobile,B40,Yes,,,,,,,,,,,,,,
,Malaysian,,,4585,Undergraduate,Kedah,Small town,Poor (40%-59%),Digi,M40,Yes,,,,,,,,,,,,,,
,Malaysian,,,4586,Undergraduate,Sarawak,Outskirts,Strong (80% -90%),NA,3453,Yes,,,,,,,,,,,,,,
,Malaysian,,,4587,Undergraduate,Wilayah Persekutuan,City centre,Moderate (60% - 79%),Maxis,M40,Yes,,,,,,,,,,,,,,
,Malaysian,,,4588,Undergraduate,Wilayah Persekutuan,City centre,Poor (40%-59%),NA,B40,No,,,,,,,,,,,,,,
,Malaysian,,,4589,Undergraduate,Negeri Sembilan,City centre,Poor (40%-59%),Digi,7677,Yes,,,,,,,,,,,,,,
,Malaysian,,,4590,Undergraduate,Pahang,Small town,Poor (40%-59%),Celcom,M40,Moderate,,,,,,,,,,,,,,
,Malaysian,,,4591,PhD,Terengganu,Outskirts,Poor (40%-59%),UMobile,B40,No,,,,,,,,,,,,,,
,Malaysian,,,4592,Undergraduate,Sarawak,Outskirts,Moderate (60% - 79%),RedOne,M40,Yes,,,,,,,,,,,,,,
,Malaysian,,,4593,Undergraduate,Perak,Outskirts,Poor (40%-59%),UMobile,B40,Moderate,,,,,,,,,,,,,,
,Malaysian,,,4594,Undergraduate,Wilayah Persekutuan,City centre,Moderate (60% - 79%),Maxis,B40,Moderate,,,,,,,,,,,,,,
,Malaysian,,,4595,Undergraduate,Johor,Small town,Strong (80% -90%),Digi,B40,Moderate,,,,,,,,,,,,,,
,Malaysian,,,4596,Undergraduate,Pulau Pinang,Small town,Very strong (91% - 100%),TIME,7557,Yes,,,,,,,,,,,,,,
,Malaysian,,,4597,Undergraduate,Wilayah Persekutuan-UM,City centre,Strong (80% -90%),Digi,M40,Yes,,,,,,,,,,,,,,
,Non Malaysian,,,4598,Undergraduate,Wilayah Persekutuan,City centre,Very strong (91% - 100%),NA,1211,Yes,,,,,,,,,,,,,,
,Malaysian,,,4599,Undergraduate,Perak,Outskirts,Strong (80% -90%),DiGi,B40,Yes,,,,,,,,,,,,,,
,Malaysian,,,4600,Undergraduate,Selangor,Small town,Very strong (91% - 100%),ONEXOX,M40,Yes,,,,,,,,,,,,,,
,Malaysian,,,4601,Undergraduate,Wilayah Persekutuan,City centre,Very strong (91% - 100%),TM,M40,Yes,,,,,,,,,,,,,,
,Malaysian,,,4602,Undergraduate,Selangor,Small town,Moderate (60% - 79%),Celcom,B40,Yes,,,,,,,,,,,,,,
,Malaysian,,,4603,Master,Wilayah Persekutuan,City centre,Moderate (60% - 79%),TM,B40,Yes,,,,,,,,,,,,,,
,Malaysian,,,4604,Master,Selangor,Small town,Strong (80% -90%),Celcom,T20,Yes,,,,,,,,,,,,,,
,Malaysian,,,4605,Undergraduate,Perak,Small town,Poor (40%-59%),TM,B40,Yes,,,,,,,,,,,,,,
,Malaysian,,,4606,Undergraduate,Kedah,Small town,Moderate (60% - 79%),Maxis,B40,Yes,,,,,,,,,,,,,,
,Malaysian,,,4607,Masters,Selangor,City centre,Very strong (91% - 100%),Maxis,B40,Yes,,,,,,,,,,,,,,
,Malaysian,,,4608,Master,Selangor,City centre,Very strong (91% - 100%),TM,M40,Yes,,,,,,,,,,,,,,
,Non Malaysian,,,4609,PhD,Wilayah Persekutuan,Small town,Very strong (91% - 100%),TM,B40,Yes,,,,,,,,,,,,,,
,Malaysian,,,4610,Master,Pahang,Small town,Strong (80% -90%),Maxis,B40,Yes,,,,,,,,,,,,,,
,Malaysian,,,4611,Undergraduate,Johor,Outskirts,Strong (80% -90%),NA,T20,NA,,,,,,,,,,,,,,
,Malaysian,,,4612,Master,Wilayah Persekutuan,City centre,Very strong (91% - 100%),UMobile,B40,Yes,,,,,,,,,,,,,,
,Non Malaysian,,,4613,PhD,Wilayah Persekutuan,City centre,Moderate (60% - 79%),TM,B40,Yes,,,,,,,,,,,,,,
,Non Malaysian,,,4614,Master,Selangor,City centre,Strong (80% -90%),TIME,B40,Yes,,,,,,,,,,,,,,
,Non Malaysian,,,4615,Master,Wilayah Persekutuan,City centre,Moderate (60% - 79%),UM Wi-Fi,M40,Yes,,,,,,,,,,,,,,
,Malaysian,,,4616,Undergraduate,Selangor,City centre,Moderate (60% - 79%),Celcom,B40,Yes,,,,,,,,,,,,,,
,Malaysian,,,4617,PhD,Selangor,Small town,Very strong (91% - 100%),UMobile,M40,Yes,,,,,,,,,,,,,,
,Non Malaysian,,,4618,PhD,Wilayah Persekutuan,City centre,Moderate (60% - 79%),Digi,B40,Yes,,,,,,,,,,,,,,
,Malaysian,,,4619,Master,Selangor,Outskirts,Moderate (60% - 79%),Maxis,M40,Yes,,,,,,,,,,,,,,
,Malaysian,,,4620,Undergraduate,Selangor,City centre,Moderate (60% - 79%),UMobile,B40,Yes,,,,,,,,,,,,,,
,Non Malaysian,,,4621,PhD,Selangor,Small town,Strong (80% -90%),TM,B40,Yes,,,,,,,,,,,,,,
,Non Malaysian,,,4622,Master,Selangor,City centre,Very strong (91% - 100%),Digi,B40,Yes,,,,,,,,,,,,,,
,Malaysian,,,4623,Master,Wilayah Persekutuan,City centre,Strong (80% -90%),TM,M40,Yes,,,,,,,,,,,,,,
,Non Malaysian,,,4624,Master,Wilayah Persekutuan,Small town,Moderate (60% - 79%),Maxis,B40,Yes,,,,,,,,,,,,,,
,Malaysian,,,4625,Master,Selangor,Outskirts,Strong (80% -90%),TM,M40,Yes,,,,,,,,,,,,,,
,Non Malaysian,,,4626,Undergraduate,Selangor,City centre,Moderate (60% - 79%),Digi,M40,Yes,,,,,,,,,,,,,,
,Non Malaysian,,,4627,Master,Wilayah Persekutuan,City centre,Moderate (60% - 79%),Maxis,B40,Yes,,,,,,,,,,,,,,
,Non Malaysian,,,4628,Master,Selangor,Small town,Moderate (60% - 79%),TM,B40,Yes,,,,,,,,,,,,,,
,Malaysian,,,4629,Undergraduate,Johor,Small town,Moderate (60% - 79%),Maxis,B40,Yes,,,,,,,,,,,,,,
,,,,4630,Master,Wilayah Persekutuan,City centre,Very strong (91% - 100%),UMobile,B40,Yes,,,,,,,,,,,,,,
,Malaysian,,,4631,Master,Wilayah Persekutuan,City centre,Moderate (60% - 79%),UMobile,B40,Yes,,,,,,,,,,,,,,
,Malaysian,,,4632,Undergraduate,Selangor,Small town,Poor (40%-59%),Maxis,M40,No,,,,,,,,,,,,,,
,Non Malaysian,,,4633,Master,Negeri Sembilan,Small town,Strong (80% -90%),YTL Broadband,B40,Yes,,,,,,,,,,,,,,
,Malaysian,,,4634,Master,Selangor,Small town,Strong (80% -90%),Maxis,B40,Yes,,,,,,,,,,,,,,
,Malaysian,,,4635,Master,Wilayah Persekutuan,City centre,Moderate (60% - 79%),TM,T20,Yes,,,,,,,,,,,,,,
,Non Malaysian,,,4636,Master,Wilayah Persekutuan,City centre,Moderate (60% - 79%),Maxis,B40,Yes,,,,,,,,,,,,,,
,Non Malaysian,,,4637,PhD,Outside Malaysia,Outside Malaysia,Very strong (91% - 100%),TM,B40,Yes,,,,,,,,,,,,,,
,Malaysian,,,4638,Master,Selangor,City centre,Very strong (91% - 100%),Home Wi-Fi,M40,Yes,,,,,,,,,,,,,,
,Non Malaysian,,,4639,PhD,Selangor,City centre,Moderate (60% - 79%),TM,B40,Yes,,,,,,,,,,,,,,
,Non Malaysian,,,4640,Master,Wilayah Persekutuan,City centre,Poor (40%-59%),Digi,B40,Yes,,,,,,,,,,,,,,
,Malaysian,,,4641,Undergraduate,Johor,Small town,Poor (40%-59%),TM,B40,No,,,,,,,,,,,,,,
,Malaysian,,,4642,Undergraduate,Wilayah Persekutuan,City centre,Very strong (91% - 100%),Hotlink,T20,Yes,,,,,,,,,,,,,,
,Malaysian,,,4643,Undergraduate,Kelantan,Outskirts,Strong (80% -90%),Digi,B40,Moderate,,,,,,,,,,,,,,
,Malaysian,,,4644,Undergraduate,Melaka,Outskirts,Moderate (60% - 79%),TM,B40,No,,,,,,,,,,,,,,
,Malaysian,,,4645,Undergraduate,Pulau Pinang,Small town,Moderate (60% - 79%),TM,M40,Moderate,,,,,,,,,,,,,,
,Malaysian,,,4646,Undergraduate,Wilayah Persekutuan,City centre,Moderate (60% - 79%),Celcom,B40,Yes,,,,,,,,,,,,,,
,Malaysian,,,4647,Undergraduate,Wilayah Persekutuan,City centre,Strong (80% -90%),TM,B40,Yes,,,,,,,,,,,,,,
,Non Malaysian,,,4648,Undergraduate,Wilayah Persekutuan,City centre,Moderate (60% - 79%),Maxis,4564,No,,,,,,,,,,,,,,
,Malaysian,,,4649,Undergraduate,Selangor,City centre,Moderate (60% - 79%),TuneTalk,B40,Yes,,,,,,,,,,,,,,
,Malaysian,,,4650,Undergraduate,Selangor,City centre,Moderate (60% - 79%),TM,M40,Yes,,,,,,,,,,,,,,
,Malaysian,,,4651,Undergraduate,Melaka,Outskirts,Moderate (60% - 79%),TM,M40,Yes,,,,,,,,,,,,,,
,Malaysian,,,4652,Undergraduate,Wilayah Persekutuan,City centre,Very strong (91% - 100%),Maxis,6876,Yes,,,,,,,,,,,,,,
,Malaysian,,,4653,Undergraduate,Selangor,Small town,Strong (80% -90%),Maxis,M40,Yes,,,,,,,,,,,,,,
,Malaysian,,,4654,Undergraduate,Wilayah Persekutuan,City centre,Very strong (91% - 100%),Celcom,B40,Yes,,,,,,,,,,,,,,
,Malaysian,,,4655,Undergraduate,Pulau Pinang,Small town,Moderate (60% - 79%),Maxis,M40,Moderate,,,,,,,,,,,,,,
,Malaysian,,,4656,Undergraduate,Wilayah Persekutuan,City centre,Very strong (91% - 100%),Maxis,B40,Yes,,,,,,,,,,,,,,
,Malaysian,,,4657,Undergraduate,Kedah,Outskirts,Moderate (60% - 79%),Digi,B40,Yes,,,,,,,,,,,,,,
,Malaysian,,,4658,Undergraduate,Johor,Small town,Moderate (60% - 79%),Telekom,B40,Yes,,,,,,,,,,,,,,
,Malaysian,,,4659,Undergraduate,Perak,NA,Strong (80% -90%),TM,3356,Yes,,,,,,,,,,,,,,
,Malaysian,,,4660,Undergraduate,Pahang,Small town,Moderate (60% - 79%),Digi,T20,Yes,,,,,,,,,,,,,,
,Malaysian,,,4661,Undergraduate,Perak,Small town,Moderate (60% - 79%),UMobile,B40,Moderate,,,,,,,,,,,,,,
,Malaysian,,,4662,Undergraduate,Kedah,Outskirts,Poor (40%-59%),Digi,B40,Yes,,,,,,,,,,,,,,
,Malaysian,,,4663,Undergraduate,Johor,Small town,Strong (80% -90%),TM,1599,Yes,,,,,,,,,,,,,,
,Malaysian,,,4664,Undergraduate,Johor,Small town,Moderate (60% - 79%),Digi,7578,No,,,,,,,,,,,,,,
,Non Malaysian,,,4665,PhD,Wilayah Persekutuan,City centre,Strong (80% -90%),UMobile,B40,Moderate,,,,,,,,,,,,,,
,Malaysian,,,4666,Undergraduate,Wilayah Persekutuan,City centre,Moderate (60% - 79%),Celcom,B40,Yes,,,,,,,,,,,,,,
,Malaysian,,,4667,Undergraduate,Selangor,Small town,Moderate (60% - 79%),Maxis,8765,Yes,,,,,,,,,,,,,,
,Malaysian,,,4668,Undergraduate,Wilayah Persekutuan,City centre,Moderate (60% - 79%),Maxis,M40,Moderate,,,,,,,,,,,,,,
,Malaysian,,,4669,Undergraduate,Selangor,Small town,Poor (40%-59%),UMobile,B40,No,,,,,,,,,,,,,,
,Malaysian,,,4670,Undergraduate,Terengganu,Small town,Strong (80% -90%),Digi,B40,Moderate,,,,,,,,,,,,,,
,Malaysian,,,4671,Undergraduate,Wilayah Persekutuan,City centre,Strong (80% -90%),Digi,B40,Yes,,,,,,,,,,,,,,
,Malaysian,,,4672,Undergraduate,Pulau Pinang,City centre,Strong (80% -90%),Celcom,B40,Yes,,,,,,,,,,,,,,
,Malaysian,,,4673,Undergraduate,Perak,Outskirts,Very poor (0%-39%),Celcom,B40,Moderate,,,,,,,,,,,,,,
,Malaysian,,,4674,Undergraduate,Johor,Outskirts,Moderate (60% - 79%),Celcom,B40,Yes,,,,,,,,,,,,,,
,Malaysian,,,4675,Undergraduate,Negeri Sembilan,City centre,Moderate (60% - 79%),Maxis,10000,Yes,,,,,,,,,,,,,,
,Malaysian,,,4676,Undergraduate,Kedah,Outskirts,Poor (40%-59%),Celcom,B40,No,,,,,,,,,,,,,,
,Malaysian,,,4677,Undergraduate,Selangor,Outskirts,Very strong (91% - 100%),UMobile,B40,Yes,,,,,,,,,,,,,,
,Malaysian,,,4678,Undergraduate,Selangor,Small town,Strong (80% -90%),Maxis,B40,Yes,,,,,,,,,,,,,,
,Malaysian,,,4679,Undergraduate,Johor,Small town,Moderate (60% - 79%),UMobile,B40,Yes,,,,,,,,,,,,,,
,Malaysian,,,4680,Undergraduate,Perak,Outskirts,Strong (80% -90%),DIGI,B40,Yes,,,,,,,,,,,,,,
,Malaysian,,,4681,Undergraduate,Selangor,Small town,Moderate (60% - 79%),Maxis,B40,Moderate,,,,,,,,,,,,,,
,Malaysian,,,4682,Undergraduate,Selangor,Small town,Strong (80% -90%),Digi,M40,Yes,,,,,,,,,,,,,,
,Malaysian,,,4683,Undergraduate,Selangor,City centre,Moderate (60% - 79%),Maxis,B40,Moderate,,,,,,,,,,,,,,
,Malaysian,,,4684,Undergraduate,Selangor,City centre,Poor (40%-59%),Digi,B40,No,,,,,,,,,,,,,,
,Malaysian,,,4685,Undergraduate,Perak,Outskirts,Moderate (60% - 79%),Celcom,B40,Moderate,,,,,,,,,,,,,,
,Malaysian,,,4686,Undergraduate,Perak,City centre,Moderate (60% - 79%),UMobile,B40,Yes,,,,,,,,,,,,,,
,Malaysian,,,4687,Undergraduate,Kelantan,Outskirts,Very strong (91% - 100%),Celcom,2345,Yes,,,,,,,,,,,,,,
,Malaysian,,,4688,Undergraduate,Johor,Small town,Strong (80% -90%),UMobile,4544,Yes,,,,,,,,,,,,,,
,Malaysian,,,4689,Undergraduate,Pahang,Small town,Poor (40%-59%),TM,B40,Yes,,,,,,,,,,,,,,
,Malaysian,,,4690,Undergraduate,Terengganu,Outskirts,Moderate (60% - 79%),UMobile,7778,Moderate,,,,,,,,,,,,,,
,Malaysian,,,4691,Undergraduate,Perak,Outskirts,Very poor (0%-39%),Xox,B40,Yes,,,,,,,,,,,,,,
,Malaysian,,,4692,Undergraduate,Selangor,Small town,Moderate (60% - 79%),UMobile,B40,No,,,,,,,,,,,,,,
,Malaysian,,,4693,Undergraduate,Kelantan,Outskirts,Moderate (60% - 79%),Maxis,14999,Yes,,,,,,,,,,,,,,
,Malaysian,,,4694,Undergraduate,Perak,Outskirts,Moderate (60% - 79%),UMobile,B40,NA,,,,,,,,,,,,,,
,Malaysian,,,4695,Undergraduate,Perak,City centre,Moderate (60% - 79%),ONEXOX,B40,Moderate,,,,,,,,,,,,,,
,Non Malaysian,,,4696,PhD,Wilayah Persekutuan,City centre,Moderate (60% - 79%),UMobile,B40,No,,,,,,,,,,,,,,
,Malaysian,,,4697,Undergraduate,Selangor,Small town,Strong (80% -90%),Maxis,B40,Yes,,,,,,,,,,,,,,
,Malaysian,,,4698,Undergraduate,Selangor,City centre,Poor (40%-59%),UMobile,2356,Yes,,,,,,,,,,,,,,
,Malaysian,,,4699,Undergraduate,Wilayah Persekutuan,City centre,Very strong (91% - 100%),UMobile,M40,Yes,,,,,,,,,,,,,,
,Malaysian,,,4700,Undergraduate,Pahang,Small town,Very strong (91% - 100%),Maxis,M40,Yes,,,,,,,,,,,,,,
,Malaysian,,,4701,Undergraduate,Negeri Sembilan,City centre,Poor (40%-59%),Maxis,B40,Yes,,,,,,,,,,,,,,
,Malaysian,,,4702,Undergraduate,Sarawak,Small town,Strong (80% -90%),RedOne,B40,Yes,,,,,,,,,,,,,,
,Malaysian,,,4703,Undergraduate,Selangor,Outskirts,Poor (40%-59%),Celcom ,B40,Moderate,,,,,,,,,,,,,,
,Malaysian,,,4704,Undergraduate,Pulau Pinang,Small town,Very poor (0%-39%),UMobile,B40,No,,,,,,,,,,,,,,
,Malaysian,,,4705,PhD,Selangor,Small town,Moderate (60% - 79%),Celcom,B40,Yes,,,,,,,,,,,,,,
,Malaysian,,,4706,Undergraduate,Kelantan,Small town,Strong (80% -90%),Digi,T20,Moderate,,,,,,,,,,,,,,
,Malaysian,,,4707,Undergraduate,Selangor,Small town,Poor (40%-59%),Celcom,B40,No,,,,,,,,,,,,,,
,Malaysian,,,4708,Undergraduate,Perak,Outskirts,Strong (80% -90%),UMobile,M40,Yes,,,,,,,,,,,,,,
,Malaysian,,,4709,Undergraduate,Sabah,Outskirts,Moderate (60% - 79%),Celcom,1500,Yes,,,,,,,,,,,,,,
,Malaysian,,,4710,Undergraduate,Selangor,Small town,Moderate (60% - 79%),Maxis,B40,Moderate,,,,,,,,,,,,,,
,Malaysian,,,4711,Undergraduate,Selangor,Outskirts,Poor (40%-59%),Maxis,1000,Moderate,,,,,,,,,,,,,,
,Malaysian,,,4712,Undergraduate,Johor,Small town,Very poor (0%-39%),UMobile,4555,No,,,,,,,,,,,,,,
,Malaysian,,,4713,Undergraduate,Perak,Outskirts,Poor (40%-59%),Digi,B40,Moderate,,,,,,,,,,,,,,
,Malaysian,,,4714,Undergraduate,Wilayah Persekutuan,City centre,Strong (80% -90%),UMobile,B40,Yes,,,,,,,,,,,,,,
,Malaysian,,,4715,Undergraduate,Wilayah Persekutuan,City centre,Moderate (60% - 79%),UMobile,M40,Moderate,,,,,,,,,,,,,,
,Malaysian,,,4716,Undergraduate,Melaka,Outskirts,Poor (40%-59%),Digi,B40,Moderate,,,,,,,,,,,,,,
,Malaysian,,,4717,Master,Selangor,Small town,Poor (40%-59%),Digi,B40,Yes,,,,,,,,,,,,,,
,Malaysian,,,4718,Master,Wilayah Persekutuan,Outskirts,Moderate (60% - 79%),Digi,B40,Yes,,,,,,,,,,,,,,
,Malaysian,,,4719,Undergraduate,Kelantan,Outskirts,Moderate (60% - 79%),Celcom,B40,Yes,,,,,,,,,,,,,,
,Malaysian,,,4720,Undergraduate,Perak,Small town,Moderate (60% - 79%),Maxis,B40,Yes,,,,,,,,,,,,,,
,Malaysian,,,4721,Undergraduate,Kelantan,Small town,Poor (40%-59%),RedOne,T20,Yes,,,,,,,,,,,,,,
,Malaysian,,,4722,Undergraduate,Kedah,Outskirts,Strong (80% -90%),Celcom,B40,Yes,,,,,,,,,,,,,,
,Malaysian,,,4723,Undergraduate,Selangor,Small town,Poor (40%-59%),UMobile,B40,Yes,,,,,,,,,,,,,,
,Malaysian,,,4724,Undergraduate,Johor,City centre,Poor (40%-59%),UMobile,B40,Yes,,,,,,,,,,,,,,
,Malaysian,,,4725,Undergraduate,Selangor,Small town,Very poor (0%-39%),Digi,B40,No,,,,,,,,,,,,,,
,Malaysian,,,4726,Undergraduate,Perak,Small town,Moderate (60% - 79%),Digi,B40,Yes,,,,,,,,,,,,,,
,Malaysian,,,4727,Undergraduate,Selangor,City centre,Strong (80% -90%),Maxis,M40,Yes,,,,,,,,,,,,,,
,Non Malaysian,,,4728,Undergraduate,Wilayah Persekutuan-UM,City centre,Moderate (60% - 79%),UMobile,B40,Yes,,,,,,,,,,,,,,
,Malaysian,,,4729,Undergraduate,Perak,Outskirts,Moderate (60% - 79%),Maxis,B40,Yes,,,,,,,,,,,,,,
,Malaysian,,,4730,Undergraduate,Johor,Outskirts,Very poor (0%-39%),RedOne,B40,Yes,,,,,,,,,,,,,,
,Malaysian,,,4731,Master,Johor,Outskirts,Moderate (60% - 79%),RedOne,B40,Yes,,,,,,,,,,,,,,
,Malaysian,,,4732,PhD,Selangor,City centre,Poor (40%-59%),UMobile,B40,Yes,,,,,,,,,,,,,,
,Malaysian,,,4733,Undergraduate,Perak,Small town,Moderate (60% - 79%),Celcom,B40,Yes,,,,,,,,,,,,,,
,Malaysian,,,4734,Undergraduate,Kelantan,Small town,Poor (40%-59%),Maxis,B40,Yes,,,,,,,,,,,,,,
,Malaysian,,,4735,Undergraduate,Selangor,Small town,Poor (40%-59%),UMobile,B40,Yes,,,,,,,,,,,,,,
,Malaysian,,,4736,Undergraduate,Negeri Sembilan,Outskirts,Moderate (60% - 79%),Celcom,B40,Yes,,,,,,,,,,,,,,
,Malaysian,,,4737,Undergraduate,Terengganu,City centre,Poor (40%-59%),Celcom,T20,Yes,,,,,,,,,,,,,,
,Malaysian,,,4738,Undergraduate,Kelantan,Small town,Poor (40%-59%),Celcom,M40,No,,,,,,,,,,,,,,
,Malaysian,,,4739,Undergraduate,Negeri Sembilan,Outskirts,Poor (40%-59%),UMobile,B40,Yes,,,,,,,,,,,,,,
,Malaysian,,,4740,Undergraduate,Negeri Sembilan,Small town,Very poor (0%-39%),UMobile,B40,Yes,,,,,,,,,,,,,,
,Malaysian,,,4741,Undergraduate,Johor,Small town,Moderate (60% - 79%),UMobile,B40,Yes,,,,,,,,,,,,,,
,Malaysian,,,4742,Undergraduate,Kedah,Outskirts,Strong (80% -90%),Digi,B40,Yes,,,,,,,,,,,,,,
,Malaysian,,,4743,Undergraduate,Kedah,City centre,Moderate (60% - 79%),Celcom,B40,Yes,,,,,,,,,,,,,,
,Malaysian,,,4744,Undergraduate,Johor,Outskirts,Poor (40%-59%),TM,T20,No,,,,,,,,,,,,,,
,Malaysian,,,4745,Undergraduate,NA,Small town,Strong (80% -90%),Digi,M40,Yes,,,,,,,,,,,,,,
,Malaysian,,,4746,Undergraduate,Kelantan,Small town,Moderate (60% - 79%),RedOne,M40,Yes,,,,,,,,,,,,,,
,Malaysian,,,4747,Undergraduate,Selangor,City centre,Moderate (60% - 79%),UMobile,M40,Yes,,,,,,,,,,,,,,
,Malaysian,,,4748,Undergraduate,Kelantan,City centre,Poor (40%-59%),UMobile,B40,Yes,,,,,,,,,,,,,,
,Malaysian,,,4749,Master,Wilayah Persekutuan,City centre,Strong (80% -90%),TuneTalk,M40,Yes,,,,,,,,,,,,,,
,Non Malaysian,,,4750,Master,Selangor,City centre,Very poor (0%-39%),Maxis,M40,Yes,,,,,,,,,,,,,,
,Malaysian,,,4751,Undergraduate,Perak,Outskirts,Very poor (0%-39%),UMobile,M40,No,,,,,,,,,,,,,,
,Malaysian,,,4752,Master,Wilayah Persekutuan,City centre,Moderate (60% - 79%),Maxis,M40,Yes,,,,,,,,,,,,,,
,Malaysian,,,4753,Master,Selangor,Small town,Moderate (60% - 79%),Digi,M40,Yes,,,,,,,,,,,,,,
,Malaysian,,,4754,PhD,Selangor,City centre,Strong (80% -90%),Maxis,M40,Yes,,,,,,,,,,,,,,
,Non Malaysian,,,4755,Master,Selangor,Small town,Moderate (60% - 79%),Digi,B40,Yes,,,,,,,,,,,,,,
,Non Malaysian,,,4756,Master,Wilayah Persekutuan,City centre,Strong (80% -90%),UMobile,B40,Yes,,,,,,,,,,,,,,
,Malaysian,,,4757,Master,Selangor,City centre,Very strong (91% - 100%),Digi,T20,Yes,,,,,,,,,,,,,,
,Malaysian,,,4758,PhD,Wilayah Persekutuan,City centre,Strong (80% -90%),Digi,M40,Yes,,,,,,,,,,,,,,
,Malaysian,,,4759,PhD,Melaka,Outskirts,Strong (80% -90%),TM,M40,Yes,,,,,,,,,,,,,,
,Malaysian,,,4760,Master,Selangor,City centre,Strong (80% -90%),Celcom,T20,Yes,,,,,,,,,,,,,,
,Malaysian,,,4761,Master,Selangor,Small town,Very strong (91% - 100%),Celcom,M40,Yes,,,,,,,,,,,,,,
,Malaysian,,,4762,Master,Wilayah Persekutuan,City centre,Moderate (60% - 79%),Digi,B40,Yes,,,,,,,,,,,,,,
,Malaysian,,,4763,Master,Pulau Pinang,City centre,Strong (80% -90%),Celcom,M40,Yes,,,,,,,,,,,,,,
,Malaysian,,,4764,Master,Selangor,City centre,Very strong (91% - 100%),Maxis,M40,Yes,,,,,,,,,,,,,,
,Malaysian,,,4765,Master,Selangor,City centre,Strong (80% -90%),UMobile,M40,Yes,,,,,,,,,,,,,,
,Malaysian,,,4766,Master,Pulau Pinang,Small town,Moderate (60% - 79%),Maxis,T20,Yes,,,,,,,,,,,,,,
,Malaysian,,,4767,Master,Wilayah Persekutuan,Small town,Moderate (60% - 79%),Celcom,M40,Yes,,,,,,,,,,,,,,
,Malaysian,,,4768,Master,Selangor,Small town,Strong (80% -90%),UMobile,T20,Yes,,,,,,,,,,,,,,
,Malaysian,,,4769,Undergraduate,Wilayah Persekutuan,Outskirts,Moderate (60% - 79%),Celcom,M40,Yes,,,,,,,,,,,,,,
,Non Malaysian,,,4770,Undergraduate,Selangor,City centre,Strong (80% -90%),Digi,B40,Yes,,,,,,,,,,,,,,
,Malaysian,,,4771,Undergraduate,Pulau Pinang,City centre,Very poor (0%-39%),Maxis,B40,No,,,,,,,,,,,,,,
,Malaysian,,,4772,Undergraduate,Selangor,Outskirts,Strong (80% -90%),Celcom,B40,Yes,,,,,,,,,,,,,,
,Non Malaysian,,,4773,Master,Selangor,Small town,Strong (80% -90%),TM,M40,Yes,,,,,,,,,,,,,,
,Malaysian,,,4774,Master,Perak,Small town,Moderate (60% - 79%),Maxis,B40,Yes,,,,,,,,,,,,,,
,Non Malaysian,,,4775,Master,Selangor,City centre,Strong (80% -90%),Digi,B40,Yes,,,,,,,,,,,,,,
,Non Malaysian,,,4776,Master,Wilayah Persekutuan-UM,City centre,Very strong (91% - 100%),Maxis,M40,Yes,,,,,,,,,,,,,,
,Malaysian,,,4777,Undergraduate,Wilayah Persekutuan,Small town,Very strong (91% - 100%),Celcom,B40,Yes,,,,,,,,,,,,,,
,Malaysian,,,4778,Undergraduate,Wilayah Persekutuan,City centre,Poor (40%-59%),UMobile,3456,Yes,,,,,,,,,,,,,,
,Malaysian,,,4779,Undergraduate,Kelantan,Outskirts,Moderate (60% - 79%),Maxis,B40,Yes,,,,,,,,,,,,,,
,Malaysian,,,4780,Undergraduate,Selangor,City centre,Strong (80% -90%),UMobile,B40,Yes,,,,,,,,,,,,,,
,Malaysian,,,4781,Undergraduate,Kedah,Outskirts,Strong (80% -90%),Maxis,B40,Yes,,,,,,,,,,,,,,
,Malaysian,,,4782,Undergraduate,Selangor,Small town,Strong (80% -90%),NA,55658,Yes,,,,,,,,,,,,,,
,Malaysian,,,4783,Undergraduate,Selangor,Small town,Poor (40%-59%),Digi,3333,No,,,,,,,,,,,,,,
,Malaysian,,,4784,Undergraduate,Johor,City centre,Strong (80% -90%),UMobile,B40,Yes,,,,,,,,,,,,,,
,Malaysian,,,4785,Undergraduate,Kedah,Outskirts,Moderate (60% - 79%),TM,243555,Yes,,,,,,,,,,,,,,
,Malaysian,,,4786,Undergraduate,Perak,Small town,Moderate (60% - 79%),TM,B40,Moderate,,,,,,,,,,,,,,
,Malaysian,,,4787,Undergraduate,Selangor,Small town,Strong (80% -90%),Digi,1234,Yes,,,,,,,,,,,,,,
,Malaysian,,,4788,Undergraduate,Kedah,Small town,Very poor (0%-39%),TM,T20,Moderate,,,,,,,,,,,,,,
,Malaysian,,,4789,Undergraduate,Wilayah Persekutuan,City centre,Moderate (60% - 79%),TuneTalk,B40,Yes,,,,,,,,,,,,,,
,Malaysian,,,4790,Undergraduate,Wilayah Persekutuan,City centre,Very strong (91% - 100%),Digi,6786,NA,,,,,,,,,,,,,,
,Malaysian,,,4791,Undergraduate,Wilayah Persekutuan,City centre,Very strong (91% - 100%),Maxis,M40,Yes,,,,,,,,,,,,,,
,Malaysian,,,4792,Undergraduate,Wilayah Persekutuan,City centre,Strong (80% -90%),Celcom,B40,Yes,,,,,,,,,,,,,,
,Non Malaysian,,,4793,Undergraduate,Wilayah Persekutuan,City centre,Moderate (60% - 79%),Digi,5789,Yes,,,,,,,,,,,,,,
,Malaysian,,,4794,Undergraduate,Wilayah Persekutuan,City centre,Moderate (60% - 79%),Maxis,4557,Yes,,,,,,,,,,,,,,
,Malaysian,,,4795,Undergraduate,Wilayah Persekutuan,City centre,Strong (80% -90%),Digi,M40,Yes,,,,,,,,,,,,,,
,Malaysian,,,4796,Undergraduate,Wilayah Persekutuan,City centre,Moderate (60% - 79%),UMobile,M40,No,,,,,,,,,,,,,,
,Malaysian,,,4797,Undergraduate,Wilayah Persekutuan,City centre,Strong (80% -90%),Digi,B40,Yes,,,,,,,,,,,,,,
,Malaysian,,,4798,Undergraduate,Selangor,Small town,Moderate (60% - 79%),TM,B40,Yes,,,,,,,,,,,,,,
,Malaysian,,,4799,Undergraduate,Wilayah Persekutuan,City centre,Very strong (91% - 100%),TM,B40,Yes,,,,,,,,,,,,,,
,Malaysian,,,4800,Undergraduate,Selangor,Small town,Very strong (91% - 100%),Digi,B40,NA,,,,,,,,,,,,,,
,Malaysian,,,4801,Undergraduate,Johor,Outskirts,Moderate (60% - 79%),Digi,M40,No,,,,,,,,,,,,,,
,Malaysian,,,4802,Undergraduate,Negeri Sembilan,City centre,Very poor (0%-39%),TuneTalk,3445,Moderate,,,,,,,,,,,,,,
,Malaysian,,,4803,Undergraduate,Wilayah Persekutuan,City centre,Strong (80% -90%),Digi,2345,Yes,,,,,,,,,,,,,,
,Malaysian,,,4804,Undergraduate,Perak,City centre,Moderate (60% - 79%),UMobile,M40,Yes,,,,,,,,,,,,,,
,Malaysian,,,4805,Undergraduate,Kelantan,City centre,Poor (40%-59%),UMobile,5599,Moderate,,,,,,,,,,,,,,
,Malaysian,,,4806,Undergraduate,Selangor,City centre,Very strong (91% - 100%),Maxis,B40,Yes,,,,,,,,,,,,,,
,Malaysian,,,4807,Undergraduate,Selangor,Small town,Strong (80% -90%),TM,3463,Yes,,,,,,,,,,,,,,
,Malaysian,,,4808,Undergraduate,Pahang,Outskirts,Strong (80% -90%),ONEXOX,M40,Yes,,,,,,,,,,,,,,
,Malaysian,,,4809,Undergraduate,NA,NA,Strong (80% -90%),RedOne,M40,Yes,,,,,,,,,,,,,,
,Malaysian,,,4810,Undergraduate,Selangor,Small town,Moderate (60% - 79%),Hotlink,B40,Moderate,,,,,,,,,,,,,,
,Malaysian,,,4811,Undergraduate,Selangor,Small town,Very strong (91% - 100%),TM,M40,Yes,,,,,,,,,,,,,,
,Malaysian,,,4812,Undergraduate,Kedah,Outskirts,Moderate (60% - 79%),TuneTalk,M40,Moderate,,,,,,,,,,,,,,
,Malaysian,,,4813,Undergraduate,Wilayah Persekutuan,City centre,Strong (80% -90%),RedOne,B40,Yes,,,,,,,,,,,,,,
,Malaysian,,,4814,Undergraduate,Melaka,NA,Moderate (60% - 79%),NA,4564,Yes,,,,,,,,,,,,,,
,Malaysian,,,4815,Undergraduate,Selangor,City centre,Strong (80% -90%),Maxis,M40,Yes,,,,,,,,,,,,,,
,Malaysian,,,4816,Undergraduate,Selangor,City centre,Very strong (91% - 100%),TM,1200,NA,,,,,,,,,,,,,,
,Malaysian,,,4817,Undergraduate,Pulau Pinang,Small town,Strong (80% -90%),TM,B40,Yes,,,,,,,,,,,,,,
,Malaysian,,,4818,Undergraduate,Selangor,City centre,Poor (40%-59%),Celcom,T20,Yes,,,,,,,,,,,,,,
,Malaysian,,,4819,Undergraduate,Perak,Outskirts,Poor (40%-59%),UMobile,B40,No,,,,,,,,,,,,,,
,Malaysian,,,4820,Undergraduate,Selangor,City centre,Strong (80% -90%),Celcom,M40,Yes,,,,,,,,,,,,,,
,Malaysian,,,4821,Undergraduate,Selangor,Small town,Moderate (60% - 79%),TM,B40,Yes,,,,,,,,,,,,,,
,Malaysian,,,4822,Undergraduate,Johor,Small town,Strong (80% -90%),Digi,M40,Yes,,,,,,,,,,,,,,
,Malaysian,,,4823,Undergraduate,Wilayah Persekutuan,City centre,Moderate (60% - 79%),Digi,B40,Yes,,,,,,,,,,,,,,
,Malaysian,,,4824,Undergraduate,Selangor,City centre,Moderate (60% - 79%),TuneTalk,B40,Yes,,,,,,,,,,,,,,
,Malaysian,,,4825,Undergraduate,Melaka,Outskirts,Strong (80% -90%),RedOne,B40,Yes,,,,,,,,,,,,,,
,Malaysian,,,4826,Undergraduate,Selangor,Small town,Moderate (60% - 79%),TM,M40,Yes,,,,,,,,,,,,,,
,Malaysian,,,4827,Undergraduate,Selangor,City centre,Strong (80% -90%),Maxis,4564,Yes,,,,,,,,,,,,,,
,Malaysian,,,4828,Undergraduate,Wilayah Persekutuan,City centre,Very strong (91% - 100%),TIME,B40,Yes,,,,,,,,,,,,,,
,Malaysian,,,4829,Undergraduate,Perak,Outskirts,Poor (40%-59%),Digi,M40,No,,,,,,,,,,,,,,
,Malaysian,,,4830,Undergraduate,Wilayah Persekutuan-UM,City centre,Strong (80% -90%),Digi,6786,Yes,,,,,,,,,,,,,,
,Non Malaysian,,,4831,Undergraduate,Selangor,City centre,Moderate (60% - 79%),UMobile,B40,No,,,,,,,,,,,,,,
,Malaysian,,,4832,Undergraduate,Selangor,Small town,Very strong (91% - 100%),Maxis,M40,Yes,,,,,,,,,,,,,,
,Malaysian,,,4833,Undergraduate,Wilayah Persekutuan,City centre,Moderate (60% - 79%),Yoodo,M40,Yes,,,,,,,,,,,,,,
,Malaysian,,,4834,Undergraduate,Selangor,Small town,Very strong (91% - 100%),UMobile,M40,Yes,,,,,,,,,,,,,,
,Malaysian,,,4835,Undergraduate,Wilayah Persekutuan,Small town,Moderate (60% - 79%),Digi,B40,Yes,,,,,,,,,,,,,,
,Malaysian,,,4836,Undergraduate,Perak,City centre,Very strong (91% - 100%),UMobile,B40,Yes,,,,,,,,,,,,,,
,Malaysian,,,4837,Undergraduate,Selangor,City centre,Strong (80% -90%),Celcom ,B40,Yes,,,,,,,,,,,,,,
,Malaysian,,,4838,Undergraduate,Wilayah Persekutuan,City centre,Poor (40%-59%),UMobile,B40,Moderate,,,,,,,,,,,,,,
,Malaysian,,,4839,Undergraduate,Perlis,Small town,Strong (80% -90%),Maxis,M40,NA,,,,,,,,,,,,,,
,Malaysian,,,4840,Undergraduate,Selangor,Small town,Moderate (60% - 79%),TM,2066,No,,,,,,,,,,,,,,
,Malaysian,,,4841,Undergraduate,Selangor,Small town,Strong (80% -90%),RedOne,M40,Yes,,,,,,,,,,,,,,
,Malaysian,,,4842,Undergraduate,Selangor,Outskirts,Poor (40%-59%),Maxis,M40,No,,,,,,,,,,,,,,
,Malaysian,,,4843,Undergraduate,Selangor,Outskirts,Strong (80% -90%),MAXIS,B40,Yes,,,,,,,,,,,,,,
,Malaysian,,,4844,Undergraduate,Selangor,City centre,Strong (80% -90%),UMobile,B40,Moderate,,,,,,,,,,,,,,
,Malaysian,,,4845,Undergraduate,Melaka,Outskirts,Moderate (60% - 79%),RedOne,B40,Yes,,,,,,,,,,,,,,
,Malaysian,,,4846,Undergraduate,Selangor,City centre,Strong (80% -90%),TM,T20,Yes,,,,,,,,,,,,,,
,Malaysian,,,4847,Undergraduate,Selangor,City centre,Very poor (0%-39%),Celcom,M40,No,,,,,,,,,,,,,,
,Malaysian,,,4848,Undergraduate,Melaka,Small town,Strong (80% -90%),Maxis,M40,Yes,,,,,,,,,,,,,,
,Malaysian,,,4849,Undergraduate,Selangor,City centre,Moderate (60% - 79%),Digi,B40,Moderate,,,,,,,,,,,,,,
,Malaysian,,,4850,Undergraduate,Wilayah Persekutuan-UM,City centre,Strong (80% -90%),Hotlink,B40,Yes,,,,,,,,,,,,,,
,Malaysian,,,4851,Undergraduate,Johor,Outskirts,Strong (80% -90%),TuneTalk,T20,Yes,,,,,,,,,,,,,,
,Malaysian,,,4852,Undergraduate,Selangor,Small town,Strong (80% -90%),UMobile,B40,Yes,,,,,,,,,,,,,,
,Malaysian,,,4853,Undergraduate,Perak,Outskirts,Poor (40%-59%),Maxis,B40,No,,,,,,,,,,,,,,
,Non Malaysian,,,4854,Undergraduate,Outside Malaysia,Outside Malaysia,Poor (40%-59%),Digi,M40,Moderate,,,,,,,,,,,,,,
,Malaysian,,,4855,Undergraduate,Kedah,Outskirts,Strong (80% -90%),Maxis,B40,Moderate,,,,,,,,,,,,,,
,Malaysian,,,4856,Undergraduate,NA,NA,Strong (80% -90%),NA,M40,Yes,,,,,,,,,,,,,,
,Malaysian,,,4857,Undergraduate,Selangor,City centre,Strong (80% -90%),Maxis,1765,Yes,,,,,,,,,,,,,,
,Malaysian,,,4858,Undergraduate,Melaka,Outskirts,Strong (80% -90%),UMobile,M40,Yes,,,,,,,,,,,,,,
,Malaysian,,,4859,Undergraduate,Wilayah Persekutuan,City centre,Very strong (91% - 100%),Digi,B40,Yes,,,,,,,,,,,,,,
,Malaysian,,,4860,Undergraduate,Selangor,Small town,Strong (80% -90%),TM,B40,Yes,,,,,,,,,,,,,,
,Malaysian,,,4861,Undergraduate,Johor,Small town,Strong (80% -90%),RedOne,T20,Yes,,,,,,,,,,,,,,
,Malaysian,,,4862,Undergraduate,Wilayah Persekutuan,City centre,Strong (80% -90%),TM,B40,Yes,,,,,,,,,,,,,,
,Non Malaysian,,,4863,Undergraduate,Selangor,City centre,Strong (80% -90%),TIME,8644,Yes,,,,,,,,,,,,,,
,Malaysian,,,4864,Undergraduate,Wilayah Persekutuan,City centre,Very strong (91% - 100%),Celcom,M40,Yes,,,,,,,,,,,,,,
,Malaysian,,,4865,Undergraduate,Selangor,Outskirts,Moderate (60% - 79%),Maxis,T20,Moderate,,,,,,,,,,,,,,
,Malaysian,,,4866,Undergraduate,Pahang,Small town,Very strong (91% - 100%),Celcom,B40,Yes,,,,,,,,,,,,,,
,Malaysian,,,4867,Undergraduate,Selangor,Small town,Strong (80% -90%),TM,3844,Yes,,,,,,,,,,,,,,
,Malaysian,,,4868,Undergraduate,Selangor,City centre,Moderate (60% - 79%),Celcom,T20,Moderate,,,,,,,,,,,,,,
,Malaysian,,,4869,Undergraduate,Pulau Pinang,Outskirts,Moderate (60% - 79%),Telekom,M40,Yes,,,,,,,,,,,,,,
,Malaysian,,,4870,Undergraduate,Negeri Sembilan,Outskirts,Very strong (91% - 100%),TM,b40,Yes,,,,,,,,,,,,,,
,Non Malaysian,,,4871,Undergraduate,Wilayah Persekutuan,City centre,Strong (80% -90%),NA,T20,Yes,,,,,,,,,,,,,,
,Malaysian,,,4872,Undergraduate,Selangor,City centre,Strong (80% -90%),Celcom,B40,Yes,,,,,,,,,,,,,,
,Malaysian,,,4873,Undergraduate,Selangor,Small town,Strong (80% -90%),NA,M40,Yes,,,,,,,,,,,,,,
,Malaysian,,,4874,Undergraduate,Wilayah Persekutuan,City centre,Moderate (60% - 79%),NA,B40,Moderate,,,,,,,,,,,,,,
,Malaysian,,,4875,Undergraduate,Wilayah Persekutuan,City centre,Very poor (0%-39%),NA,M40,No,,,,,,,,,,,,,,
,Malaysian,,,4876,Undergraduate,Kedah,City centre,Moderate (60% - 79%),NA,M40,Moderate,,,,,,,,,,,,,,
,Malaysian,,,4877,Undergraduate,Selangor,City centre,Very poor (0%-39%),NA,B40,No,,,,,,,,,,,,,,
,Malaysian,,,4878,Undergraduate,Selangor,Small town,Poor (40%-59%),NA,M40,Moderate,,,,,,,,,,,,,,
,Malaysian,,,4879,Undergraduate,Wilayah Persekutuan,City centre,Moderate (60% - 79%),NA,M40,Moderate,,,,,,,,,,,,,,
,Malaysian,,,4880,Undergraduate,Selangor,City centre,Moderate (60% - 79%),NA,M40,Moderate,,,,,,,,,,,,,,
,Malaysian,,,4881,Undergraduate,Terengganu,Outskirts,Very poor (0%-39%),NA,M40,No,,,,,,,,,,,,,,
,Malaysian,,,4882,Undergraduate,Perak,City centre,Moderate (60% - 79%),NA,B40,Moderate,,,,,,,,,,,,,,
,Malaysian,,,4883,Undergraduate,Selangor,City centre,Poor (40%-59%),NA,M40,Moderate,,,,,,,,,,,,,,
,Malaysian,,,4884,Undergraduate,Wilayah Persekutuan,City centre,Strong (80% -90%),NA,M40,Yes,,,,,,,,,,,,,,
,Malaysian,,,4885,Undergraduate,Wilayah Persekutuan,City centre,Poor (40%-59%),NA,M40,Moderate,,,,,,,,,,,,,,
,Malaysian,,,4886,Undergraduate,Selangor,Outskirts,Very poor (0%-39%),NA,M40,No,,,,,,,,,,,,,,
,Malaysian,,,4887,Undergraduate,Kedah,Small town,Strong (80% -90%),NA,B40,Yes,,,,,,,,,,,,,,
,Malaysian,,,4888,Undergraduate,Terengganu,Outskirts,Moderate (60% - 79%),NA,B40,Moderate,,,,,,,,,,,,,,
,Malaysian,,,4889,Undergraduate,Wilayah Persekutuan,City centre,Moderate (60% - 79%),NA,M40,Moderate,,,,,,,,,,,,,,
,Malaysian,,,4890,Undergraduate,Melaka,Small town,Moderate (60% - 79%),NA,M40,Moderate,,,,,,,,,,,,,,
,Malaysian,,,4891,Undergraduate,Selangor,City centre,Very poor (0%-39%),NA,B40,Moderate,,,,,,,,,,,,,,
,Malaysian,,,4892,Undergraduate,Selangor,City centre,Poor (40%-59%),NA,M40,Moderate,,,,,,,,,,,,,,
,Malaysian,,,4893,Undergraduate,Kelantan,Outskirts,Poor (40%-59%),NA,B40,Moderate,,,,,,,,,,,,,,
,Malaysian,,,4894,Undergraduate,Outside Malaysia,City centre,Very poor (0%-39%),NA,M40,Moderate,,,,,,,,,,,,,,
,Malaysian,,,4895,Undergraduate,Selangor,Small town,Strong (80% -90%),NA,B40,Yes,,,,,,,,,,,,,,
,Malaysian,,,4896,Undergraduate,Wilayah Persekutuan,City centre,Strong (80% -90%),NA,M40,Yes,,,,,,,,,,,,,,
,Malaysian,,,4897,Undergraduate,Terengganu,Small town,Moderate (60% - 79%),NA,M40,Moderate,,,,,,,,,,,,,,
,Malaysian,,,4898,Undergraduate,Wilayah Persekutuan,City centre,Strong (80% -90%),NA,M40,Yes,,,,,,,,,,,,,,
,Malaysian,,,4899,Undergraduate,Wilayah Persekutuan,City centre,Strong (80% -90%),NA,M40,Yes,,,,,,,,,,,,,,
,Malaysian,,,4900,Undergraduate,Perak,Outskirts,Very poor (0%-39%),NA,B40,No,,,,,,,,,,,,,,
,Malaysian,,,4901,Undergraduate,Wilayah Persekutuan,City centre,Moderate (60% - 79%),NA,B40,Moderate,,,,,,,,,,,,,,
,Malaysian,,,4902,Undergraduate,Melaka,Small town,Moderate (60% - 79%),NA,M40,Moderate,,,,,,,,,,,,,,
,Malaysian,,,4903,Undergraduate,Selangor,Small town,Very poor (0%-39%),NA,M40,Moderate,,,,,,,,,,,,,,
,Malaysian,,,4904,Undergraduate,Perak,Outskirts,Moderate (60% - 79%),NA,B40,Moderate,,,,,,,,,,,,,,
,Malaysian,,,4905,Undergraduate,Wilayah Persekutuan,City centre,Strong (80% -90%),NA,M40,Yes,,,,,,,,,,,,,,
,Malaysian,,,4906,Undergraduate,Wilayah Persekutuan,City centre,Poor (40%-59%),NA,M40,Moderate,,,,,,,,,,,,,,
,Malaysian,,,4907,Undergraduate,Selangor,City centre,Moderate (60% - 79%),NA,M40,Moderate,,,,,,,,,,,,,,
,Malaysian,,,4908,Undergraduate,Selangor,Outskirts,Poor (40%-59%),NA,B40,Moderate,,,,,,,,,,,,,,
,Malaysian,,,4909,Undergraduate,Wilayah Persekutuan,City centre,Moderate (60% - 79%),NA,M40,Moderate,,,,,,,,,,,,,,
,Non Malaysian,,,4910,Undergraduate,Wilayah Persekutuan,City centre,Very poor (0%-39%),NA,M40,No,,,,,,,,,,,,,,
,Malaysian,,,4911,Undergraduate,Pulau Pinang,City centre,Poor (40%-59%),NA,M40,Moderate,,,,,,,,,,,,,,
,Malaysian,,,4912,Undergraduate,Selangor,Small town,Poor (40%-59%),NA,M40,Moderate,,,,,,,,,,,,,,
,Malaysian,,,4913,Undergraduate,Johor,City centre,Moderate (60% - 79%),NA,M40,Moderate,,,,,,,,,,,,,,
,Malaysian,,,4914,Undergraduate,Pulau Pinang,Small town,Poor (40%-59%),NA,B40,Moderate,,,,,,,,,,,,,,
,Malaysian,,,4915,Undergraduate,Perak,Small town,Moderate (60% - 79%),NA,M40,Moderate,,,,,,,,,,,,,,
,Malaysian,,,4916,Undergraduate,Selangor,Outskirts,Poor (40%-59%),NA,M40,Moderate,,,,,,,,,,,,,,
,Malaysian,,,4917,Undergraduate,Selangor,Small town,Very poor (0%-39%),NA,M40,Moderate,,,,,,,,,,,,,,
,Malaysian,,,4918,Undergraduate,Wilayah Persekutuan,City centre,Strong (80% -90%),NA,M40,Yes,,,,,,,,,,,,,,
,Malaysian,,,4919,Undergraduate,Kedah,Outskirts,Poor (40%-59%),NA,M40,Moderate,,,,,,,,,,,,,,
,Malaysian,,,4920,Undergraduate,Pulau Pinang,Small town,Strong (80% -90%),NA,M40,Yes,,,,,,,,,,,,,,
,Malaysian,,,4921,Undergraduate,Wilayah Persekutuan,City centre,Moderate (60% - 79%),NA,M40,Moderate,,,,,,,,,,,,,,
,Malaysian,,,4922,Undergraduate,Selangor,City centre,Poor (40%-59%),NA,M40,Moderate,,,,,,,,,,,,,,
,Malaysian,,,4923,Undergraduate,Selangor,City centre,Poor (40%-59%),NA,M40,Moderate,,,,,,,,,,,,,,
,Malaysian,,,4924,Undergraduate,Wilayah Persekutuan,City centre,Moderate (60% - 79%),NA,M40,Moderate,,,,,,,,,,,,,,
,Malaysian,,,4925,Undergraduate,Melaka,Outskirts,Poor (40%-59%),NA,B40,Moderate,,,,,,,,,,,,,,
,Malaysian,,,4926,Undergraduate,Wilayah Persekutuan,City centre,Moderate (60% - 79%),NA,M40,Moderate,,,,,,,,,,,,,,
,Malaysian,,,4927,Undergraduate,Wilayah Persekutuan,City centre,Moderate (60% - 79%),NA,M40,Moderate,,,,,,,,,,,,,,
,Malaysian,,,4928,Undergraduate,Wilayah Persekutuan,City centre,Moderate (60% - 79%),NA,B40,Moderate,,,,,,,,,,,,,,
,Malaysian,,,4929,Undergraduate,Wilayah Persekutuan,City centre,Moderate (60% - 79%),NA,B40,Moderate,,,,,,,,,,,,,,
,Malaysian,,,4930,Undergraduate,Johor,Outskirts,Strong (80% -90%),NA,M40,Yes,,,,,,,,,,,,,,
,Malaysian,,,4931,Undergraduate,Selangor,City centre,Moderate (60% - 79%),NA,B40,Moderate,,,,,,,,,,,,,,
,Malaysian,,,4932,Undergraduate,Selangor,City centre,Poor (40%-59%),NA,M40,Moderate,,,,,,,,,,,,,,
,Malaysian,,,4933,Undergraduate,Wilayah Persekutuan,City centre,Moderate (60% - 79%),NA,M40,Moderate,,,,,,,,,,,,,,
,Malaysian,,,4934,Undergraduate,Pulau Pinang,City centre,Moderate (60% - 79%),NA,M40,Moderate,,,,,,,,,,,,,,
,Malaysian,,,4935,Undergraduate,Wilayah Persekutuan,City centre,Very poor (0%-39%),NA,M40,No,,,,,,,,,,,,,,
,Malaysian,,,4936,Undergraduate,Negeri Sembilan,City centre,Moderate (60% - 79%),NA,M40,Moderate,,,,,,,,,,,,,,
,Malaysian,,,4937,Undergraduate,Wilayah Persekutuan,City centre,Moderate (60% - 79%),NA,B40,Moderate,,,,,,,,,,,,,,
,Malaysian,,,4938,Undergraduate,Kedah,Small town,Moderate (60% - 79%),NA,M40,Moderate,,,,,,,,,,,,,,
,Malaysian,,,4939,Undergraduate,Kelantan,Outskirts,Moderate (60% - 79%),NA,M40,Moderate,,,,,,,,,,,,,,
,Malaysian,,,4940,Undergraduate,Johor,Small town,Moderate (60% - 79%),NA,M40,Moderate,,,,,,,,,,,,,,
,Malaysian,,,4941,Undergraduate,Melaka,Outskirts,Moderate (60% - 79%),NA,B40,Moderate,,,,,,,,,,,,,,
,Malaysian,,,4942,Undergraduate,Pulau Pinang,City centre,Moderate (60% - 79%),NA,M40,Moderate,,,,,,,,,,,,,,
,Malaysian,,,4943,Undergraduate,Selangor,City centre,Moderate (60% - 79%),NA,M40,Moderate,,,,,,,,,,,,,,
,Malaysian,,,4944,Undergraduate,Selangor,Outskirts,Moderate (60% - 79%),NA,M40,Moderate,,,,,,,,,,,,,,
,Malaysian,,,4945,Undergraduate,Melaka,City centre,Moderate (60% - 79%),NA,M40,Moderate,,,,,,,,,,,,,,
,Malaysian,,,4946,Undergraduate,Wilayah Persekutuan,City centre,Moderate (60% - 79%),NA,M40,Moderate,,,,,,,,,,,,,,
,Malaysian,,,4947,Undergraduate,Selangor,City centre,Moderate (60% - 79%),NA,B40,Moderate,,,,,,,,,,,,,,
,Malaysian,,,4948,Undergraduate,Sarawak,City centre,Strong (80% -90%),NA,M40,Yes,,,,,,,,,,,,,,
,Malaysian,,,4949,Undergraduate,Wilayah Persekutuan,City centre,Strong (80% -90%),NA,M40,Yes,,,,,,,,,,,,,,
,Malaysian,,,4950,Undergraduate,Wilayah Persekutuan,City centre,Very poor (0%-39%),NA,B40,Moderate,,,,,,,,,,,,,,
,Malaysian,,,4951,Undergraduate,Negeri Sembilan,City centre,Poor (40%-59%),NA,M40,Moderate,,,,,,,,,,,,,,
,Malaysian,,,4952,Undergraduate,Wilayah Persekutuan,City centre,Poor (40%-59%),NA,M40,Moderate,,,,,,,,,,,,,,
,Malaysian,,,4953,Undergraduate,Wilayah Persekutuan,City centre,Moderate (60% - 79%),NA,M40,Moderate,,,,,,,,,,,,,,
,Malaysian,,,4954,Undergraduate,NA,City centre,Poor (40%-59%),NA,M40,Moderate,,,,,,,,,,,,,,
,Malaysian,,,4955,Undergraduate,Perak,Outskirts,Moderate (60% - 79%),NA,B40,Moderate,,,,,,,,,,,,,,
,Malaysian,,,4956,Undergraduate,Pulau Pinang,City centre,Moderate (60% - 79%),NA,B40,Moderate,,,,,,,,,,,,,,
,Malaysian,,,4957,Undergraduate,Perak,Outskirts,Moderate (60% - 79%),NA,M40,Moderate,,,,,,,,,,,,,,
,Malaysian,,,4958,Undergraduate,Pulau Pinang,City centre,Moderate (60% - 79%),NA,B40,Moderate,,,,,,,,,,,,,,
,Malaysian,,,4959,Undergraduate,Wilayah Persekutuan,City centre,Moderate (60% - 79%),NA,M40,Moderate,,,,,,,,,,,,,,
,Malaysian,,,4960,Undergraduate,Kedah,Outskirts,Moderate (60% - 79%),NA,B40,Moderate,,,,,,,,,,,,,,
,Malaysian,,,4961,Undergraduate,Perak,City centre,Moderate (60% - 79%),NA,B40,Moderate,,,,,,,,,,,,,,
,Malaysian,,,4962,Undergraduate,Johor,Small town,Poor (40%-59%),NA,M40,Moderate,,,,,,,,,,,,,,
,Malaysian,,,4963,Undergraduate,Selangor,City centre,Strong (80% -90%),NA,B40,Yes,,,,,,,,,,,,,,
,Malaysian,,,4964,Undergraduate,Wilayah Persekutuan,City centre,Strong (80% -90%),NA,M40,Yes,,,,,,,,,,,,,,
,Malaysian,,,4965,Undergraduate,Perak,Outskirts,Moderate (60% - 79%),NA,B40,Moderate,,,,,,,,,,,,,,
,Malaysian,,,4966,Undergraduate,Pulau Pinang,City centre,Strong (80% -90%),NA,M40,Yes,,,,,,,,,,,,,,
,Malaysian,,,4967,Undergraduate,Wilayah Persekutuan,City centre,Moderate (60% - 79%),NA,B40,Moderate,,,,,,,,,,,,,,
,Malaysian,,,4968,Undergraduate,Negeri Sembilan,City centre,Moderate (60% - 79%),NA,M40,Moderate,,,,,,,,,,,,,,
,Malaysian,,,4969,Undergraduate,Selangor,City centre,Poor (40%-59%),NA,M40,Moderate,,,,,,,,,,,,,,
,Malaysian,,,4970,Undergraduate,Negeri Sembilan,Small town,Poor (40%-59%),NA,M40,Moderate,,,,,,,,,,,,,,
,Malaysian,,,4971,Undergraduate,Wilayah Persekutuan,City centre,Strong (80% -90%),NA,M40,Yes,,,,,,,,,,,,,,
,Malaysian,,,4972,Undergraduate,Selangor,City centre,Strong (80% -90%),NA,M40,Yes,,,,,,,,,,,,,,
,Malaysian,,,4973,Undergraduate,Sabah,Outskirts,Poor (40%-59%),NA,B40,Moderate,,,,,,,,,,,,,,
,Malaysian,,,4974,Undergraduate,Kedah,City centre,Poor (40%-59%),NA,M40,Moderate,,,,,,,,,,,,,,
,Malaysian,,,4975,Undergraduate,Selangor,City centre,Moderate (60% - 79%),NA,M40,Moderate,,,,,,,,,,,,,,
,Malaysian,,,4976,Undergraduate,Perak,Outskirts,Poor (40%-59%),NA,B40,Moderate,,,,,,,,,,,,,,
,Malaysian,,,4977,Undergraduate,Selangor,Outskirts,Very poor (0%-39%),NA,M40,No,,,,,,,,,,,,,,
,Malaysian,,,4978,Undergraduate,Wilayah Persekutuan,City centre,Strong (80% -90%),NA,M40,Yes,,,,,,,,,,,,,,
,Malaysian,,,4979,Undergraduate,Wilayah Persekutuan,City centre,Strong (80% -90%),NA,M40,Yes,,,,,,,,,,,,,,
,Malaysian,,,4980,Undergraduate,Selangor,City centre,Moderate (60% - 79%),NA,M40,Moderate,,,,,,,,,,,,,,
,Malaysian,,,4981,Undergraduate,Selangor,City centre,Moderate (60% - 79%),NA,M40,Moderate,,,,,,,,,,,,,,
,Malaysian,,,4982,Undergraduate,Wilayah Persekutuan,City centre,Strong (80% -90%),NA,M40,Yes,,,,,,,,,,,,,,
,Malaysian,,,4983,Undergraduate,Negeri Sembilan,City centre,Poor (40%-59%),NA,M40,Moderate,,,,,,,,,,,,,,
,Malaysian,,,4984,Undergraduate,Wilayah Persekutuan-UM,City centre,Moderate (60% - 79%),NA,B40,Moderate,,,,,,,,,,,,,,
,Malaysian,,,4985,Undergraduate,Wilayah Persekutuan,City centre,Moderate (60% - 79%),NA,B40,Moderate,,,,,,,,,,,,,,
,Malaysian,,,4986,Undergraduate,Selangor,Small town,Strong (80% -90%),NA,M40,Yes,,,,,,,,,,,,,,
,Malaysian,,,4987,Undergraduate,Wilayah Persekutuan-UM,City centre,Poor (40%-59%),NA,M40,Moderate,,,,,,,,,,,,,,
,Malaysian,,,4988,Undergraduate,Selangor,City centre,Poor (40%-59%),NA,M40,Moderate,,,,,,,,,,,,,,
,Malaysian,,,4989,Undergraduate,Wilayah Persekutuan,City centre,Poor (40%-59%),NA,M40,Moderate,,,,,,,,,,,,,,
,Malaysian,,,4990,Undergraduate,Selangor,Small town,Strong (80% -90%),NA,M40,Yes,,,,,,,,,,,,,,
,Malaysian,,,4991,Undergraduate,Selangor,City centre,Strong (80% -90%),NA,B40,Yes,,,,,,,,,,,,,,
,Malaysian,,,4992,Undergraduate,Wilayah Persekutuan,City centre,Moderate (60% - 79%),NA,M40,Moderate,,,,,,,,,,,,,,
,Malaysian,,,4993,Undergraduate,Wilayah Persekutuan,City centre,Moderate (60% - 79%),NA,M40,Moderate,,,,,,,,,,,,,,
,Malaysian,,,4994,Undergraduate,Selangor,City centre,Moderate (60% - 79%),NA,M40,Moderate,,,,,,,,,,,,,,
,Malaysian,,,4995,Undergraduate,Selangor,City centre,Strong (80% -90%),NA,M40,Yes,,,,,,,,,,,,,,
,,,,4996,Undergraduate,Wilayah Persekutuan,City centre,Strong (80% -90%),NA,M40,Yes,,,,,,,,,,,,,,
,Malaysian,,,4997,Undergraduate,Pulau Pinang,City centre,Poor (40%-59%),NA,M40,Moderate,,,,,,,,,,,,,,
,,,,4998,Undergraduate,Johor,Outskirts,Poor (40%-59%),NA,B40,Moderate,,,,,,,,,,,,,,
,Malaysian,,,4999,Undergraduate,Sarawak,Outskirts,Poor (40%-59%),NA,B40,Moderate,,,,,,,,,,,,,,
,Malaysian,,,5000,Undergraduate,Johor,Outskirts,Poor (40%-59%),NA,B40,Moderate,,,,,,,,,,,,,,
,Malaysian,,,5001,Undergraduate,Wilayah Persekutuan,City centre,Moderate (60% - 79%),NA,M40,Moderate,,,,,,,,,,,,,,
,Malaysian,,,5002,Undergraduate,Wilayah Persekutuan,City centre,Moderate (60% - 79%),NA,M40,Moderate,,,,,,,,,,,,,,
,Malaysian,,,5003,Undergraduate,Negeri Sembilan,Outskirts,Poor (40%-59%),NA,M40,Moderate,,,,,,,,,,,,,,
,Malaysian,,,5004,Undergraduate,Wilayah Persekutuan,City centre,Moderate (60% - 79%),NA,M40,Moderate,,,,,,,,,,,,,,
,Malaysian,,,5005,Undergraduate,Kedah,City centre,Moderate (60% - 79%),NA,M40,Moderate,,,,,,,,,,,,,,
,Malaysian,,,5006,Undergraduate,Selangor,City centre,Moderate (60% - 79%),NA,M40,Moderate,,,,,,,,,,,,,,
,Malaysian,,,5007,Undergraduate,Selangor,City centre,Strong (80% -90%),NA,M40,Yes,,,,,,,,,,,,,,
,Malaysian,,,5008,Undergraduate,Wilayah Persekutuan,City centre,Moderate (60% - 79%),NA,M40,Moderate,,,,,,,,,,,,,,
,Malaysian,,,5009,Undergraduate,Melaka,Small town,Moderate (60% - 79%),NA,M40,Moderate,,,,,,,,,,,,,,
,Malaysian,,,5010,Undergraduate,Selangor,City centre,Very poor (0%-39%),NA,M40,No,,,,,,,,,,,,,,
,Malaysian,,,5011,Undergraduate,Perak,Outskirts,Moderate (60% - 79%),NA,B40,Moderate,,,,,,,,,,,,,,
,Malaysian,,,5012,Undergraduate,Pahang,Outskirts,Poor (40%-59%),NA,M40,Moderate,,,,,,,,,,,,,,
,Malaysian,,,5013,Undergraduate,Selangor,City centre,Moderate (60% - 79%),NA,M40,Moderate,,,,,,,,,,,,,,
,Malaysian,,,5014,Undergraduate,Johor,Outskirts,Moderate (60% - 79%),NA,M40,Moderate,,,,,,,,,,,,,,
,Malaysian,,,5015,Undergraduate,Selangor,Outskirts,Poor (40%-59%),NA,B40,Moderate,,,,,,,,,,,,,,
,Malaysian,,,5016,Undergraduate,Wilayah Persekutuan-UM,City centre,Moderate (60% - 79%),NA,B40,Moderate,,,,,,,,,,,,,,
,Malaysian,,,5017,Undergraduate,Johor,City centre,Strong (80% -90%),NA,B40,Yes,,,,,,,,,,,,,,
,Malaysian,,,5018,Undergraduate,Sarawak,City centre,Moderate (60% - 79%),NA,M40,Moderate,,,,,,,,,,,,,,
,Malaysian,,,5019,Undergraduate,Terengganu,Outskirts,Poor (40%-59%),NA,B40,Moderate,,,,,,,,,,,,,,
,Malaysian,,,5020,Undergraduate,NA,NA,Strong (80% -90%),NA,B40,Yes,,,,,,,,,,,,,,
,Malaysian,,,5021,Undergraduate,Selangor,Outskirts,Moderate (60% - 79%),NA,M40,Moderate,,,,,,,,,,,,,,
,Malaysian,,,5022,Undergraduate,Johor,Outskirts,Moderate (60% - 79%),NA,M40,Moderate,,,,,,,,,,,,,,
,Malaysian,,,5023,Undergraduate,NA,Outskirts,Moderate (60% - 79%),NA,B40,Moderate,,,,,,,,,,,,,,
,Malaysian,,,5024,Undergraduate,Selangor,Small town,Very poor (0%-39%),NA,M40,Moderate,,,,,,,,,,,,,,
,Malaysian,,,5025,Undergraduate,Selangor,City centre,Poor (40%-59%),NA,B40,Moderate,,,,,,,,,,,,,,
,Malaysian,,,5026,Undergraduate,Selangor,Outskirts,Poor (40%-59%),NA,M40,Moderate,,,,,,,,,,,,,,
,Malaysian,,,5027,Undergraduate,Johor,City centre,Moderate (60% - 79%),NA,B40,Moderate,,,,,,,,,,,,,,
,Malaysian,,,5028,Undergraduate,Pulau Pinang,City centre,Strong (80% -90%),NA,M40,Yes,,,,,,,,,,,,,,
,Malaysian,,,5029,Undergraduate,Selangor,City centre,Strong (80% -90%),NA,M40,Yes,,,,,,,,,,,,,,
,Malaysian,,,5030,Undergraduate,Wilayah Persekutuan,City centre,Moderate (60% - 79%),NA,M40,Moderate,,,,,,,,,,,,,,
,Malaysian,,,5031,Undergraduate,Negeri Sembilan,Small town,Poor (40%-59%),NA,B40,Moderate,,,,,,,,,,,,,,
,Malaysian,,,5032,Undergraduate,Selangor,City centre,Strong (80% -90%),NA,M40,Yes,,,,,,,,,,,,,,
,Malaysian,,,5033,Undergraduate,Selangor,Outskirts,Poor (40%-59%),NA,M40,Moderate,,,,,,,,,,,,,,
,Malaysian,,,5034,Undergraduate,Terengganu,Small town,Strong (80% -90%),NA,B40,Yes,,,,,,,,,,,,,,
,Malaysian,,,5035,Undergraduate,Selangor,City centre,Very poor (0%-39%),NA,M40,No,,,,,,,,,,,,,,
,Malaysian,,,5036,Undergraduate,Negeri Sembilan,City centre,Moderate (60% - 79%),NA,M40,Moderate,,,,,,,,,,,,,,
,Malaysian,,,5037,Undergraduate,Selangor,Outskirts,Poor (40%-59%),NA,B40,Moderate,,,,,,,,,,,,,,
,Malaysian,,,5038,Undergraduate,Wilayah Persekutuan-UM,City centre,Strong (80% -90%),NA,B40,Yes,,,,,,,,,,,,,,
,Malaysian,,,5039,Undergraduate,Selangor,City centre,Strong (80% -90%),NA,M40,Yes,,,,,,,,,,,,,,
,Malaysian,,,5040,Undergraduate,Selangor,City centre,Poor (40%-59%),NA,B40,Moderate,,,,,,,,,,,,,,
,Malaysian,,,5041,Undergraduate,Perak,City centre,Moderate (60% - 79%),NA,B40,Moderate,,,,,,,,,,,,,,
,Malaysian,,,5042,Undergraduate,Wilayah Persekutuan,City centre,Strong (80% -90%),NA,M40,Yes,,,,,,,,,,,,,,
,Non Malaysian,,,5043,Undergraduate,Wilayah Persekutuan-UM,City centre,Moderate (60% - 79%),NA,M40,Moderate,,,,,,,,,,,,,,
,Malaysian,,,5044,Undergraduate,Kedah,Outskirts,Moderate (60% - 79%),NA,M40,Moderate,,,,,,,,,,,,,,
,Malaysian,,,5045,Undergraduate,Kelantan,City centre,Moderate (60% - 79%),NA,M40,Moderate,,,,,,,,,,,,,,
,Malaysian,,,5046,Undergraduate,Pulau Pinang,City centre,Moderate (60% - 79%),NA,M40,Moderate,,,,,,,,,,,,,,
,Malaysian,,,5047,Undergraduate,Melaka,City centre,Moderate (60% - 79%),NA,M40,Moderate,,,,,,,,,,,,,,
,Malaysian,,,5048,Undergraduate,Johor,Small town,Moderate (60% - 79%),NA,B40,Moderate,,,,,,,,,,,,,,
,Malaysian,,,5049,Undergraduate,Pahang,City centre,Moderate (60% - 79%),NA,B40,Moderate,,,,,,,,,,,,,,
,Malaysian,,,5050,Undergraduate,Pahang,Outskirts,Moderate (60% - 79%),NA,B40,Moderate,,,,,,,,,,,,,,
,Malaysian,,,5051,Undergraduate,Wilayah Persekutuan,City centre,Poor (40%-59%),NA,M40,Moderate,,,,,,,,,,,,,,
,Malaysian,,,5052,Undergraduate,Pulau Pinang,City centre,Moderate (60% - 79%),NA,M40,Moderate,,,,,,,,,,,,,,
,Malaysian,,,5053,Undergraduate,Wilayah Persekutuan,City centre,Strong (80% -90%),NA,M40,Yes,,,,,,,,,,,,,,
,Malaysian,,,5054,Undergraduate,Wilayah Persekutuan,City centre,Poor (40%-59%),NA,M40,Moderate,,,,,,,,,,,,,,
,Malaysian,,,5055,Undergraduate,Wilayah Persekutuan,City centre,Very poor (0%-39%),NA,M40,No,,,,,,,,,,,,,,
,Malaysian,,,5056,Undergraduate,Wilayah Persekutuan,City centre,Poor (40%-59%),NA,M40,Moderate,,,,,,,,,,,,,,
,Malaysian,,,5057,Undergraduate,Sarawak,Outskirts,Moderate (60% - 79%),NA,M40,Moderate,,,,,,,,,,,,,,
,Malaysian,,,5058,Undergraduate,Wilayah Persekutuan,City centre,Moderate (60% - 79%),NA,B40,Moderate,,,,,,,,,,,,,,
,Malaysian,,,5059,Undergraduate,Pahang,Outskirts,Moderate (60% - 79%),NA,M40,Moderate,,,,,,,,,,,,,,
,Malaysian,,,5060,Undergraduate,Kedah,Small town,Very poor (0%-39%),NA,M40,Moderate,,,,,,,,,,,,,,
,Non Malaysian,,,5061,Undergraduate,Wilayah Persekutuan,City centre,Strong (80% -90%),NA,M40,Yes,,,,,,,,,,,,,,
,Malaysian,,,5062,Undergraduate,Selangor,City centre,Strong (80% -90%),NA,M40,Yes,,,,,,,,,,,,,,
,Malaysian,,,5063,Undergraduate,Selangor,City centre,Poor (40%-59%),NA,B40,Moderate,,,,,,,,,,,,,,
,Malaysian,,,5064,Undergraduate,Selangor,City centre,Moderate (60% - 79%),NA,B40,Moderate,,,,,,,,,,,,,,
,Malaysian,,,5065,Undergraduate,Wilayah Persekutuan,City centre,Very poor (0%-39%),NA,M40,Moderate,,,,,,,,,,,,,,
,Malaysian,,,5066,Undergraduate,Johor,City centre,Moderate (60% - 79%),NA,M40,Moderate,,,,,,,,,,,,,,
,Malaysian,,,5067,Undergraduate,Selangor,Outskirts,Poor (40%-59%),NA,M40,Moderate,,,,,,,,,,,,,,
,Malaysian,,,5068,Undergraduate,Selangor,City centre,Strong (80% -90%),NA,M40,Yes,,,,,,,,,,,,,,
,Malaysian,,,5069,Undergraduate,Selangor,Small town,Strong (80% -90%),NA,M40,Yes,,,,,,,,,,,,,,
,Malaysian,,,5070,Undergraduate,Wilayah Persekutuan,City centre,Moderate (60% - 79%),NA,B40,Moderate,,,,,,,,,,,,,,
,Malaysian,,,5071,Undergraduate,Perak,Small town,Poor (40%-59%),NA,B40,Moderate,,,,,,,,,,,,,,
,Malaysian,,,5072,Undergraduate,Pulau Pinang,Outskirts,Moderate (60% - 79%),NA,M40,Moderate,,,,,,,,,,,,,,
,Malaysian,,,5073,Undergraduate,Johore,Small towns,Strong (80% -90%),NA,M40,Yes,,,,,,,,,,,,,,
,Malaysian,,,5074,Undergraduate,Wilayah Persekutuan,City centre,Strong (80% -90%),NA,M40,Yes,,,,,,,,,,,,,,
,Malaysian,,,5075,Undergraduate,Wilayah Persekutuan,City centre,Moderate (60% - 79%),NA,B40,Moderate,,,,,,,,,,,,,,
,,,,,,,,,,,,,,,,,,,,,,,,,
,,,,,,,,,,,,,,,,,,,,,,,,,
,,,,,,,,,,,,,,,,,,,,,,,,,
,,,,,,,,,,,,,,,,,,,,,,,,,
,,,,,,,,,,,,,,,,,,,,,,,,,
,,,,,,,,,,,,,,,,,,,,,,,,,
,,,,,,,,,,,,,,,,,,,,,,,,,
,,,,,,,,,,,,,,,,,,,,,,,,,
,,,,,,,,,,,,,,,,,,,,,,,,,
,,,,,,,,,,,,,,,,,,,,,,,,,
,,,,,,,,,,,,,,,,,,,,,,,,,
,,,,,,,,,,,,,,,,,,,,,,,,,
,,,,,,,,,,,,,,,,,,,,,,,,,
,,,,,,,,,,,,,,,,,,,,,,,,,
,,,,,,,,,,,,,,,,,,,,,,,,,
,,,,,,,,,,,,,,,,,,,,,,,,,
,,,,,,,,,,,,,,,,,,,,,,,,,
,,,,,,,,,,,,,,,,,,,,,,,,,
,,,,,,,,,,,,,,,,,,,,,,,,,
,,,,,,,,,,,,,,,,,,,,,,,,,
,,,,,,,,,,,,,,,,,,,,,,,,,
,,,,,,,,,,,,,,,,,,,,,,,,,
,,,,,,,,,,,,,,,,,,,,,,,,,
,,,,,,,,,,,,,,,,,,,,,,,,,
,,,,,,,,,,,,,,,,,,,,,,,,,
,,,,,,,,,,,,,,,,,,,,,,,,,
,,,,,,,,,,,,,,,,,,,,,,,,,
,,,,,,,,,,,,,,,,,,,,,,,,,
,,,,,,,,,,,,,,,,,,,,,,,,,
,,,,,,,,,,,,,,,,,,,,,,,,,
,,,,,,,,,,,,,,,,,,,,,,,,,
,,,,,,,,,,,,,,,,,,,,,,,,,
,,,,,,,,,,,,,,,,,,,,,,,,,
,,,,,,,,,,,,,,,,,,,,,,,,,
,,,,,,,,,,,,,,,,,,,,,,,,,
,,,,,,,,,,,,,,,,,,,,,,,,,
,,,,,,,,,,,,,,,,,,,,,,,,,
,,,,,,,,,,,,,,,,,,,,,,,,,
,,,,,,,,,,,,,,,,,,,,,,,,,
,,,,,,,,,,,,,,,,,,,,,,,,,
,,,,,,,,,,,,,,,,,,,,,,,,,
,,,,,,,,,,,,,,,,,,,,,,,,,
,,,,,,,,,,,,,,,,,,,,,,,,,
,,,,,,,,,,,,,,,,,,,,,,,,,
,,,,,,,,,,,,,,,,,,,,,,,,,
,,,,,,,,,,,,,,,,,,,,,,,,,
,,,,,,,,,,,,,,,,,,,,,,,,,
,,,,,,,,,,,,,,,,,,,,,,,,,
,,,,,,,,,,,,,,,,,,,,,,,,,
,,,,,,,,,,,,,,,,,,,,,,,,,
,,,,,,,,,,,,,,,,,,,,,,,,,
,,,,,,,,,,,,,,,,,,,,,,,,,
,,,,,,,,,,,,,,,,,,,,,,,,,
,,,,,,,,,,,,,,,,,,,,,,,,,
,,,,,,,,,,,,,,,,,,,,,,,,,
,,,,,,,,,,,,,,,,,,,,,,,,,
,,,,,,,,,,,,,,,,,,,,,,,,,
,,,,,,,,,,,,,,,,,,,,,,,,,
,,,,,,,,,,,,,,,,,,,,,,,,,
,,,,,,,,,,,,,,,,,,,,,,,,,
,,,,,,,,,,,,,,,,,,,,,,,,,
,,,,,,,,,,,,,,,,,,,,,,,,,
,,,,,,,,,,,,,,,,,,,,,,,,,
,,,,,,,,,,,,,,,,,,,,,,,,,
,,,,,,,,,,,,,,,,,,,,,,,,,
,,,,,,,,,,,,,,,,,,,,,,,,,
,,,,,,,,,,,,,,,,,,,,,,,,,
,,,,,,,,,,,,,,,,,,,,,,,,,
,,,,,,,,,,,,,,,,,,,,,,,,,
,,,,,,,,,,,,,,,,,,,,,,,,,
,,,,,,,,,,,,,,,,,,,,,,,,,
,,,,,,,,,,,,,,,,,,,,,,,,,
,,,,,,,,,,,,,,,,,,,,,,,,,
,,,,,,,,,,,,,,,,,,,,,,,,,
,,,,,,,,,,,,,,,,,,,,,,,,,
,,,,,,,,,,,,,,,,,,,,,,,,,
,,,,,,,,,,,,,,,,,,,,,,,,,
,,,,,,,,,,,,,,,,,,,,,,,,,
,,,,,,,,,,,,,,,,,,,,,,,,,
,,,,,,,,,,,,,,,,,,,,,,,,,
,,,,,,,,,,,,,,,,,,,,,,,,,
,,,,,,,,,,,,,,,,,,,,,,,,,
,,,,,,,,,,,,,,,,,,,,,,,,,
,,,,,,,,,,,,,,,,,,,,,,,,,
,,,,,,,,,,,,,,,,,,,,,,,,,
,,,,,,,,,,,,,,,,,,,,,,,,,
,,,,,,,,,,,,,,,,,,,,,,,,,
,,,,,,,,,,,,,,,,,,,,,,,,,
,,,,,,,,,,,,,,,,,,,,,,,,,
,,,,,,,,,,,,,,,,,,,,,,,,,
,,,,,,,,,,,,,,,,,,,,,,,,,
,,,,,,,,,,,,,,,,,,,,,,,,,
,,,,,,,,,,,,,,,,,,,,,,,,,
,,,,,,,,,,,,,,,,,,,,,,,,,
,,,,,,,,,,,,,,,,,,,,,,,,,
,,,,,,,,,,,,,,,,,,,,,,,,,
,,,,,,,,,,,,,,,,,,,,,,,,,
,,,,,,,,,,,,,,,,,,,,,,,,,
,,,,,,,,,,,,,,,,,,,,,,,,,
,,,,,,,,,,,,,,,,,,,,,,,,,
,,,,,,,,,,,,,,,,,,,,,,,,,
,,,,,,,,,,,,,,,,,,,,,,,,,
,,,,,,,,,,,,,,,,,,,,,,,,,
,,,,,,,,,,,,,,,,,,,,,,,,,
,,,,,,,,,,,,,,,,,,,,,,,,,
,,,,,,,,,,,,,,,,,,,,,,,,,
,,,,,,,,,,,,,,,,,,,,,,,,,
,,,,,,,,,,,,,,,,,,,,,,,,,
,,,,,,,,,,,,,,,,,,,,,,,,,
,,,,,,,,,,,,,,,,,,,,,,,,,
,,,,,,,,,,,,,,,,,,,,,,,,,
,,,,,,,,,,,,,,,,,,,,,,,,,
,,,,,,,,,,,,,,,,,,,,,,,,,
,,,,,,,,,,,,,,,,,,,,,,,,,
,,,,,,,,,,,,,,,,,,,,,,,,,
,,,,,,,,,,,,,,,,,,,,,,,,,
,,,,,,,,,,,,,,,,,,,,,,,,,
,,,,,,,,,,,,,,,,,,,,,,,,,
,,,,,,,,,,,,,,,,,,,,,,,,,
,,,,,,,,,,,,,,,,,,,,,,,,,
,,,,,,,,,,,,,,,,,,,,,,,,,
,,,,,,,,,,,,,,,,,,,,,,,,,
,,,,,,,,,,,,,,,,,,,,,,,,,
,,,,,,,,,,,,,,,,,,,,,,,,,
,,,,,,,,,,,,,,,,,,,,,,,,,
,,,,,,,,,,,,,,,,,,,,,,,,,
,,,,,,,,,,,,,,,,,,,,,,,,,
,,,,,,,,,,,,,,,,,,,,,,,,,
,,,,,,,,,,,,,,,,,,,,,,,,,
,,,,,,,,,,,,,,,,,,,,,,,,,
,,,,,,,,,,,,,,,,,,,,,,,,,
,,,,,,,,,,,,,,,,,,,,,,,,,
,,,,,,,,,,,,,,,,,,,,,,,,,
,,,,,,,,,,,,,,,,,,,,,,,,,
,,,,,,,,,,,,,,,,,,,,,,,,,
,,,,,,,,,,,,,,,,,,,,,,,,,
,,,,,,,,,,,,,,,,,,,,,,,,,
,,,,,,,,,,,,,,,,,,,,,,,,,
,,,,,,,,,,,,,,,,,,,,,,,,,
,,,,,,,,,,,,,,,,,,,,,,,,,
,,,,,,,,,,,,,,,,,,,,,,,,,
,,,,,,,,,,,,,,,,,,,,,,,,,
,,,,,,,,,,,,,,,,,,,,,,,,,
,,,,,,,,,,,,,,,,,,,,,,,,,
,,,,,,,,,,,,,,,,,,,,,,,,,
,,,,,,,,,,,,,,,,,,,,,,,,,
,,,,,,,,,,,,,,,,,,,,,,,,,
,,,,,,,,,,,,,,,,,,,,,,,,,
,,,,,,,,,,,,,,,,,,,,,,,,,
,,,,,,,,,,,,,,,,,,,,,,,,,
,,,,,,,,,,,,,,,,,,,,,,,,,
,,,,,,,,,,,,,,,,,,,,,,,,,
,,,,,,,,,,,,,,,,,,,,,,,,,
,,,,,,,,,,,,,,,,,,,,,,,,,
,,,,,,,,,,,,,,,,,,,,,,,,,
,,,,,,,,,,,,,,,,,,,,,,,,,
,,,,,,,,,,,,,,,,,,,,,,,,,
,,,,,,,,,,,,,,,,,,,,,,,,,
,,,,,,,,,,,,,,,,,,,,,,,,,
,,,,,,,,,,,,,,,,,,,,,,,,,
,,,,,,,,,,,,,,,,,,,,,,,,,
,,,,,,,,,,,,,,,,,,,,,,,,,
,,,,,,,,,,,,,,,,,,,,,,,,,
,,,,,,,,,,,,,,,,,,,,,,,,,
,,,,,,,,,,,,,,,,,,,,,,,,,
,,,,,,,,,,,,,,,,,,,,,,,,,
,,,,,,,,,,,,,,,,,,,,,,,,,
,,,,,,,,,,,,,,,,,,,,,,,,,
,,,,,,,,,,,,,,,,,,,,,,,,,
,,,,,,,,,,,,,,,,,,,,,,,,,
,,,,,,,,,,,,,,,,,,,,,,,,,
,,,,,,,,,,,,,,,,,,,,,,,,,
,,,,,,,,,,,,,,,,,,,,,,,,,
,,,,,,,,,,,,,,,,,,,,,,,,,
,,,,,,,,,,,,,,,,,,,,,,,,,
,,,,,,,,,,,,,,,,,,,,,,,,,
,,,,,,,,,,,,,,,,,,,,,,,,,
,,,,,,,,,,,,,,,,,,,,,,,,,
,,,,,,,,,,,,,,,,,,,,,,,,,
,,,,,,,,,,,,,,,,,,,,,,,,,
,,,,,,,,,,,,,,,,,,,,,,,,,
,,,,,,,,,,,,,,,,,,,,,,,,,
,,,,,,,,,,,,,,,,,,,,,,,,,
,,,,,,,,,,,,,,,,,,,,,,,,,
,,,,,,,,,,,,,,,,,,,,,,,,,
,,,,,,,,,,,,,,,,,,,,,,,,,
,,,,,,,,,,,,,,,,,,,,,,,,,
,,,,,,,,,,,,,,,,,,,,,,,,,
,,,,,,,,,,,,,,,,,,,,,,,,,
,,,,,,,,,,,,,,,,,,,,,,,,,
,,,,,,,,,,,,,,,,,,,,,,,,,
,,,,,,,,,,,,,,,,,,,,,,,,,
,,,,,,,,,,,,,,,,,,,,,,,,,
,,,,,,,,,,,,,,,,,,,,,,,,,
,,,,,,,,,,,,,,,,,,,,,,,,,
,,,,,,,,,,,,,,,,,,,,,,,,,
,,,,,,,,,,,,,,,,,,,,,,,,,
,,,,,,,,,,,,,,,,,,,,,,,,,
,,,,,,,,,,,,,,,,,,,,,,,,,
,,,,,,,,,,,,,,,,,,,,,,,,,
,,,,,,,,,,,,,,,,,,,,,,,,,
,,,,,,,,,,,,,,,,,,,,,,,,,
,,,,,,,,,,,,,,,,,,,,,,,,,
,,,,,,,,,,,,,,,,,,,,,,,,,
,,,,,,,,,,,,,,,,,,,,,,,,,
,,,,,,,,,,,,,,,,,,,,,,,,,
,,,,,,,,,,,,,,,,,,,,,,,,,
,,,,,,,,,,,,,,,,,,,,,,,,,
,,,,,,,,,,,,,,,,,,,,,,,,,
,,,,,,,,,,,,,,,,,,,,,,,,,
,,,,,,,,,,,,,,,,,,,,,,,,,
,,,,,,,,,,,,,,,,,,,,,,,,,
,,,,,,,,,,,,,,,,,,,,,,,,,
,,,,,,,,,,,,,,,,,,,,,,,,,
,,,,,,,,,,,,,,,,,,,,,,,,,
,,,,,,,,,,,,,,,,,,,,,,,,,
,,,,,,,,,,,,,,,,,,,,,,,,,
,,,,,,,,,,,,,,,,,,,,,,,,,
,,,,,,,,,,,,,,,,,,,,,,,,,
,,,,,,,,,,,,,,,,,,,,,,,,,
,,,,,,,,,,,,,,,,,,,,,,,,,
,,,,,,,,,,,,,,,,,,,,,,,,,
,,,,,,,,,,,,,,,,,,,,,,,,,
,,,,,,,,,,,,,,,,,,,,,,,,,
,,,,,,,,,,,,,,,,,,,,,,,,,
,,,,,,,,,,,,,,,,,,,,,,,,,
,,,,,,,,,,,,,,,,,,,,,,,,,
,,,,,,,,,,,,,,,,,,,,,,,,,
,,,,,,,,,,,,,,,,,,,,,,,,,
,,,,,,,,,,,,,,,,,,,,,,,,,
,,,,,,,,,,,,,,,,,,,,,,,,,
,,,,,,,,,,,,,,,,,,,,,,,,,
,,,,,,,,,,,,,,,,,,,,,,,,,
,,,,,,,,,,,,,,,,,,,,,,,,,
,,,,,,,,,,,,,,,,,,,,,,,,,
,,,,,,,,,,,,,,,,,,,,,,,,,
,,,,,,,,,,,,,,,,,,,,,,,,,
,,,,,,,,,,,,,,,,,,,,,,,,,
,,,,,,,,,,,,,,,,,,,,,,,,,
,,,,,,,,,,,,,,,,,,,,,,,,,
,,,,,,,,,,,,,,,,,,,,,,,,,
,,,,,,,,,,,,,,,,,,,,,,,,,
,,,,,,,,,,,,,,,,,,,,,,,,,
,,,,,,,,,,,,,,,,,,,,,,,,,
,,,,,,,,,,,,,,,,,,,,,,,,,
,,,,,,,,,,,,,,,,,,,,,,,,,
,,,,,,,,,,,,,,,,,,,,,,,,,
,,,,,,,,,,,,,,,,,,,,,,,,,
,,,,,,,,,,,,,,,,,,,,,,,,,
,,,,,,,,,,,,,,,,,,,,,,,,,
,,,,,,,,,,,,,,,,,,,,,,,,,
,,,,,,,,,,,,,,,,,,,,,,,,,
,,,,,,,,,,,,,,,,,,,,,,,,,
,,,,,,,,,,,,,,,,,,,,,,,,,
,,,,,,,,,,,,,,,,,,,,,,,,,
,,,,,,,,,,,,,,,,,,,,,,,,,
,,,,,,,,,,,,,,,,,,,,,,,,,
,,,,,,,,,,,,,,,,,,,,,,,,,
,,,,,,,,,,,,,,,,,,,,,,,,,
,,,,,,,,,,,,,,,,,,,,,,,,,
,,,,,,,,,,,,,,,,,,,,,,,,,
,,,,,,,,,,,,,,,,,,,,,,,,,
,,,,,,,,,,,,,,,,,,,,,,,,,
,,,,,,,,,,,,,,,,,,,,,,,,,
,,,,,,,,,,,,,,,,,,,,,,,,,
,,,,,,,,,,,,,,,,,,,,,,,,,
,,,,,,,,,,,,,,,,,,,,,,,,,
,,,,,,,,,,,,,,,,,,,,,,,,,
,,,,,,,,,,,,,,,,,,,,,,,,,
,,,,,,,,,,,,,,,,,,,,,,,,,
,,,,,,,,,,,,,,,,,,,,,,,,,
,,,,,,,,,,,,,,,,,,,,,,,,,
,,,,,,,,,,,,,,,,,,,,,,,,,
,,,,,,,,,,,,,,,,,,,,,,,,,
,,,,,,,,,,,,,,,,,,,,,,,,,
,,,,,,,,,,,,,,,,,,,,,,,,,
,,,,,,,,,,,,,,,,,,,,,,,,,
,,,,,,,,,,,,,,,,,,,,,,,,,
,,,,,,,,,,,,,,,,,,,,,,,,,
,,,,,,,,,,,,,,,,,,,,,,,,,
,,,,,,,,,,,,,,,,,,,,,,,,,
,,,,,,,,,,,,,,,,,,,,,,,,,
,,,,,,,,,,,,,,,,,,,,,,,,,
,,,,,,,,,,,,,,,,,,,,,,,,,
,,,,,,,,,,,,,,,,,,,,,,,,,
,,,,,,,,,,,,,,,,,,,,,,,,,
,,,,,,,,,,,,,,,,,,,,,,,,,
,,,,,,,,,,,,,,,,,,,,,,,,,
,,,,,,,,,,,,,,,,,,,,,,,,,
,,,,,,,,,,,,,,,,,,,,,,,,,
,,,,,,,,,,,,,,,,,,,,,,,,,
,,,,,,,,,,,,,,,,,,,,,,,,,
,,,,,,,,,,,,,,,,,,,,,,,,,
,,,,,,,,,,,,,,,,,,,,,,,,,
,,,,,,,,,,,,,,,,,,,,,,,,,
,,,,,,,,,,,,,,,,,,,,,,,,,
,,,,,,,,,,,,,,,,,,,,,,,,,
,,,,,,,,,,,,,,,,,,,,,,,,,
,,,,,,,,,,,,,,,,,,,,,,,,,
,,,,,,,,,,,,,,,,,,,,,,,,,
,,,,,,,,,,,,,,,,,,,,,,,,,
,,,,,,,,,,,,,,,,,,,,,,,,,
,,,,,,,,,,,,,,,,,,,,,,,,,
,,,,,,,,,,,,,,,,,,,,,,,,,
,,,,,,,,,,,,,,,,,,,,,,,,,
,,,,,,,,,,,,,,,,,,,,,,,,,
,,,,,,,,,,,,,,,,,,,,,,,,,
,,,,,,,,,,,,,,,,,,,,,,,,,
,,,,,,,,,,,,,,,,,,,,,,,,,
,,,,,,,,,,,,,,,,,,,,,,,,,
,,,,,,,,,,,,,,,,,,,,,,,,,
,,,,,,,,,,,,,,,,,,,,,,,,,
,,,,,,,,,,,,,,,,,,,,,,,,,
,,,,,,,,,,,,,,,,,,,,,,,,,
,,,,,,,,,,,,,,,,,,,,,,,,,
,,,,,,,,,,,,,,,,,,,,,,,,,
,,,,,,,,,,,,,,,,,,,,,,,,,
,,,,,,,,,,,,,,,,,,,,,,,,,
,,,,,,,,,,,,,,,,,,,,,,,,,
,,,,,,,,,,,,,,,,,,,,,,,,,
,,,,,,,,,,,,,,,,,,,,,,,,,
,,,,,,,,,,,,,,,,,,,,,,,,,
,,,,,,,,,,,,,,,,,,,,,,,,,
,,,,,,,,,,,,,,,,,,,,,,,,,
,,,,,,,,,,,,,,,,,,,,,,,,,
,,,,,,,,,,,,,,,,,,,,,,,,,
,,,,,,,,,,,,,,,,,,,,,,,,,
,,,,,,,,,,,,,,,,,,,,,,,,,
,,,,,,,,,,,,,,,,,,,,,,,,,
,,,,,,,,,,,,,,,,,,,,,,,,,
,,,,,,,,,,,,,,,,,,,,,,,,,
,,,,,,,,,,,,,,,,,,,,,,,,,
,,,,,,,,,,,,,,,,,,,,,,,,,
,,,,,,,,,,,,,,,,,,,,,,,,,
,,,,,,,,,,,,,,,,,,,,,,,,,
,,,,,,,,,,,,,,,,,,,,,,,,,
,,,,,,,,,,,,,,,,,,,,,,,,,
,,,,,,,,,,,,,,,,,,,,,,,,,
,,,,,,,,,,,,,,,,,,,,,,,,,
,,,,,,,,,,,,,,,,,,,,,,,,,
,,,,,,,,,,,,,,,,,,,,,,,,,
,,,,,,,,,,,,,,,,,,,,,,,,,
,,,,,,,,,,,,,,,,,,,,,,,,,
,,,,,,,,,,,,,,,,,,,,,,,,,
,,,,,,,,,,,,,,,,,,,,,,,,,
,,,,,,,,,,,,,,,,,,,,,,,,,
,,,,,,,,,,,,,,,,,,,,,,,,,
,,,,,,,,,,,,,,,,,,,,,,,,,
,,,,,,,,,,,,,,,,,,,,,,,,,
,,,,,,,,,,,,,,,,,,,,,,,,,
,,,,,,,,,,,,,,,,,,,,,,,,,
,,,,,,,,,,,,,,,,,,,,,,,,,
,,,,,,,,,,,,,,,,,,,,,,,,,
,,,,,,,,,,,,,,,,,,,,,,,,,
,,,,,,,,,,,,,,,,,,,,,,,,,
,,,,,,,,,,,,,,,,,,,,,,,,,
,,,,,,,,,,,,,,,,,,,,,,,,,
,,,,,,,,,,,,,,,,,,,,,,,,,
,,,,,,,,,,,,,,,,,,,,,,,,,
,,,,,,,,,,,,,,,,,,,,,,,,,
,,,,,,,,,,,,,,,,,,,,,,,,,
,,,,,,,,,,,,,,,,,,,,,,,,,
,,,,,,,,,,,,,,,,,,,,,,,,,
,,,,,,,,,,,,,,,,,,,,,,,,,
,,,,,,,,,,,,,,,,,,,,,,,,,
,,,,,,,,,,,,,,,,,,,,,,,,,
,,,,,,,,,,,,,,,,,,,,,,,,,
,,,,,,,,,,,,,,,,,,,,,,,,,
,,,,,,,,,,,,,,,,,,,,,,,,,
,,,,,,,,,,,,,,,,,,,,,,,,,
,,,,,,,,,,,,,,,,,,,,,,,,,
,,,,,,,,,,,,,,,,,,,,,,,,,
,,,,,,,,,,,,,,,,,,,,,,,,,
,,,,,,,,,,,,,,,,,,,,,,,,,
,,,,,,,,,,,,,,,,,,,,,,,,,
,,,,,,,,,,,,,,,,,,,,,,,,,
,,,,,,,,,,,,,,,,,,,,,,,,,
,,,,,,,,,,,,,,,,,,,,,,,,,
,,,,,,,,,,,,,,,,,,,,,,,,,
,,,,,,,,,,,,,,,,,,,,,,,,,
,,,,,,,,,,,,,,,,,,,,,,,,,
,,,,,,,,,,,,,,,,,,,,,,,,,
,,,,,,,,,,,,,,,,,,,,,,,,,
,,,,,,,,,,,,,,,,,,,,,,,,,
,,,,,,,,,,,,,,,,,,,,,,,,,
,,,,,,,,,,,,,,,,,,,,,,,,,
,,,,,,,,,,,,,,,,,,,,,,,,,
,,,,,,,,,,,,,,,,,,,,,,,,,
,,,,,,,,,,,,,,,,,,,,,,,,,
,,,,,,,,,,,,,,,,,,,,,,,,,
,,,,,,,,,,,,,,,,,,,,,,,,,
,,,,,,,,,,,,,,,,,,,,,,,,,
,,,,,,,,,,,,,,,,,,,,,,,,,
,,,,,,,,,,,,,,,,,,,,,,,,,
,,,,,,,,,,,,,,,,,,,,,,,,,
,,,,,,,,,,,,,,,,,,,,,,,,,
,,,,,,,,,,,,,,,,,,,,,,,,,
,,,,,,,,,,,,,,,,,,,,,,,,,
,,,,,,,,,,,,,,,,,,,,,,,,,
,,,,,,,,,,,,,,,,,,,,,,,,,
,,,,,,,,,,,,,,,,,,,,,,,,,
,,,,,,,,,,,,,,,,,,,,,,,,,
,,,,,,,,,,,,,,,,,,,,,,,,,
,,,,,,,,,,,,,,,,,,,,,,,,,
,,,,,,,,,,,,,,,,,,,,,,,,,
,,,,,,,,,,,,,,,,,,,,,,,,,
,,,,,,,,,,,,,,,,,,,,,,,,,
,,,,,,,,,,,,,,,,,,,,,,,,,
,,,,,,,,,,,,,,,,,,,,,,,,,
,,,,,,,,,,,,,,,,,,,,,,,,,
,,,,,,,,,,,,,,,,,,,,,,,,,
,,,,,,,,,,,,,,,,,,,,,,,,,
,,,,,,,,,,,,,,,,,,,,,,,,,
,,,,,,,,,,,,,,,,,,,,,,,,,
,,,,,,,,,,,,,,,,,,,,,,,,,
,,,,,,,,,,,,,,,,,,,,,,,,,
,,,,,,,,,,,,,,,,,,,,,,,,,
,,,,,,,,,,,,,,,,,,,,,,,,,
,,,,,,,,,,,,,,,,,,,,,,,,,
,,,,,,,,,,,,,,,,,,,,,,,,,
,,,,,,,,,,,,,,,,,,,,,,,,,
,,,,,,,,,,,,,,,,,,,,,,,,,
,,,,,,,,,,,,,,,,,,,,,,,,,
,,,,,,,,,,,,,,,,,,,,,,,,,
,,,,,,,,,,,,,,,,,,,,,,,,,
,,,,,,,,,,,,,,,,,,,,,,,,,
,,,,,,,,,,,,,,,,,,,,,,,,,
,,,,,,,,,,,,,,,,,,,,,,,,,
,,,,,,,,,,,,,,,,,,,,,,,,,
,,,,,,,,,,,,,,,,,,,,,,,,,
,,,,,,,,,,,,,,,,,,,,,,,,,
,,,,,,,,,,,,,,,,,,,,,,,,,
,,,,,,,,,,,,,,,,,,,,,,,,,
,,,,,,,,,,,,,,,,,,,,,,,,,
,,,,,,,,,,,,,,,,,,,,,,,,,
,,,,,,,,,,,,,,,,,,,,,,,,,
,,,,,,,,,,,,,,,,,,,,,,,,,
,,,,,,,,,,,,,,,,,,,,,,,,,
,,,,,,,,,,,,,,,,,,,,,,,,,
,,,,,,,,,,,,,,,,,,,,,,,,,
,,,,,,,,,,,,,,,,,,,,,,,,,
,,,,,,,,,,,,,,,,,,,,,,,,,
,,,,,,,,,,,,,,,,,,,,,,,,,
,,,,,,,,,,,,,,,,,,,,,,,,,
,,,,,,,,,,,,,,,,,,,,,,,,,
,,,,,,,,,,,,,,,,,,,,,,,,,
,,,,,,,,,,,,,,,,,,,,,,,,,
,,,,,,,,,,,,,,,,,,,,,,,,,
,,,,,,,,,,,,,,,,,,,,,,,,,
,,,,,,,,,,,,,,,,,,,,,,,,,
,,,,,,,,,,,,,,,,,,,,,,,,,
,,,,,,,,,,,,,,,,,,,,,,,,,
,,,,,,,,,,,,,,,,,,,,,,,,,
,,,,,,,,,,,,,,,,,,,,,,,,,
,,,,,,,,,,,,,,,,,,,,,,,,,
,,,,,,,,,,,,,,,,,,,,,,,,,
,,,,,,,,,,,,,,,,,,,,,,,,,
,,,,,,,,,,,,,,,,,,,,,,,,,
,,,,,,,,,,,,,,,,,,,,,,,,,
,,,,,,,,,,,,,,,,,,,,,,,,,
,,,,,,,,,,,,,,,,,,,,,,,,,
,,,,,,,,,,,,,,,,,,,,,,,,,
,,,,,,,,,,,,,,,,,,,,,,,,,
,,,,,,,,,,,,,,,,,,,,,,,,,
,,,,,,,,,,,,,,,,,,,,,,,,,
,,,,,,,,,,,,,,,,,,,,,,,,,
,,,,,,,,,,,,,,,,,,,,,,,,,
,,,,,,,,,,,,,,,,,,,,,,,,,
,,,,,,,,,,,,,,,,,,,,,,,,,
,,,,,,,,,,,,,,,,,,,,,,,,,
,,,,,,,,,,,,,,,,,,,,,,,,,
,,,,,,,,,,,,,,,,,,,,,,,,,
,,,,,,,,,,,,,,,,,,,,,,,,,
,,,,,,,,,,,,,,,,,,,,,,,,,
,,,,,,,,,,,,,,,,,,,,,,,,,
,,,,,,,,,,,,,,,,,,,,,,,,,
,,,,,,,,,,,,,,,,,,,,,,,,,
,,,,,,,,,,,,,,,,,,,,,,,,,
,,,,,,,,,,,,,,,,,,,,,,,,,
,,,,,,,,,,,,,,,,,,,,,,,,,
,,,,,,,,,,,,,,,,,,,,,,,,,
,,,,,,,,,,,,,,,,,,,,,,,,,
,,,,,,,,,,,,,,,,,,,,,,,,,
,,,,,,,,,,,,,,,,,,,,,,,,,
,,,,,,,,,,,,,,,,,,,,,,,,,
,,,,,,,,,,,,,,,,,,,,,,,,,
,,,,,,,,,,,,,,,,,,,,,,,,,
,,,,,,,,,,,,,,,,,,,,,,,,,
,,,,,,,,,,,,,,,,,,,,,,,,,
,,,,,,,,,,,,,,,,,,,,,,,,,
,,,,,,,,,,,,,,,,,,,,,,,,,
,,,,,,,,,,,,,,,,,,,,,,,,,
,,,,,,,,,,,,,,,,,,,,,,,,,
,,,,,,,,,,,,,,,,,,,,,,,,,
,,,,,,,,,,,,,,,,,,,,,,,,,
,,,,,,,,,,,,,,,,,,,,,,,,,
,,,,,,,,,,,,,,,,,,,,,,,,,
,,,,,,,,,,,,,,,,,,,,,,,,,
,,,,,,,,,,,,,,,,,,,,,,,,,
,,,,,,,,,,,,,,,,,,,,,,,,,
